date_est,TTL_QTY_OH,SEASON_FW_OH,SEASON_SS_OH,SEASON_R_OH,SEASON_PF_OH,SEASON_OTH_OH
2017-06-23,34127,844,9610,5437,9110,9126
2017-06-24,33960,948,9470,5348,9175,9019
2017-06-25,33646,899,9392,5306,9081,8968
2017-06-26,33578,882,9387,5292,9060,8957
2017-06-27,34008,916,9359,5263,9489,8981
2017-06-28,33128,791,8864,4921,9835,8717
2017-06-29,33390,775,8757,4823,10353,8682
2017-06-30,33430,749,8666,4732,10584,8699
2017-07-01,33251,837,8618,4659,10507,8630
2017-07-02,32763,832,8502,4575,10278,8576
2017-07-03,32763,832,8502,4575,10278,8576
2017-07-04,32250,861,8261,4337,10335,8456
2017-07-05,32236,861,8221,4326,10386,8442
2017-07-06,32084,914,7971,4092,10695,8412
2017-07-07,32161,951,7742,3874,11236,8358
2017-07-08,31879,964,7469,3690,11518,8238
2017-07-09,31879,964,7469,3690,11518,8238
2017-07-10,31879,964,7469,3690,11518,8238
2017-07-11,31662,986,7326,3556,11635,8159
2017-07-12,31594,1051,7201,3482,11677,8183
2017-07-13,31318,1211,7010,3333,11657,8107
2017-07-14,4299,10,2647,592,117,933
2017-07-15,31968,1410,6988,3273,12057,8240
2017-07-16,32034,1413,7001,3279,12090,8251
2017-07-17,32034,1413,7001,3279,12090,8251
2017-07-18,,0,0,0,0,0
2017-07-19,31777,1442,6791,3145,12296,8103
2017-07-20,31374,1473,6528,2988,12408,7977
2017-07-21,31386,1664,6347,2936,12482,7957
2017-07-22,,0,0,0,0,0
2017-07-23,31852,1795,6275,2919,12764,8099
2017-07-24,31852,1795,6275,2919,12764,8099
2017-07-25,31769,1850,6124,2869,12868,8058
2017-07-26,31854,2240,6014,2760,12752,8088
2017-07-27,31855,2262,5899,3034,12673,7987
2017-07-28,31645,2218,5833,2987,12450,8157
2017-07-29,31593,2209,5793,2837,12585,8169
2017-07-30,31593,2209,5793,2837,12585,8169
2017-07-31,31593,2209,5793,2837,12585,8169
2017-08-01,31947,2482,5691,2615,12892,8267
2017-08-02,31938,2741,5457,2508,13015,8217
2017-08-03,8909,42,3937,631,2439,1860
2017-08-04,32469,3148,5439,2456,13200,8226
2017-08-05,32516,3102,5401,2484,13268,8261
2017-08-06,32500,3095,5400,2484,13262,8259
2017-08-07,32500,3095,5400,2484,13262,8259
2017-08-08,33244,3643,5188,2531,13550,8332
2017-08-09,34399,4858,5162,2453,13520,8406
2017-08-10,35529,5783,5121,2339,13873,8413
2017-08-11,36176,6420,5050,2411,13839,8456
2017-08-12,36223,6485,4989,2368,13894,8487
2017-08-13,35405,6036,4896,2300,13721,8452
2017-08-14,35405,6036,4896,2300,13721,8452
2017-08-15,35000,5831,4808,2259,13674,8428
2017-08-16,34986,5988,4568,2456,13598,8376
2017-08-17,34795,6151,4316,2305,13604,8419
2017-08-18,35174,6759,4171,2165,13524,8555
2017-08-19,35419,7070,4091,2060,13519,8679
2017-08-20,35419,7070,4091,2060,13519,8679
2017-08-21,35419,7070,4091,2060,13519,8679
2017-08-22,34881,6833,4002,1800,13559,8687
2017-08-23,35339,7426,3908,1839,13516,8650
2017-08-24,35749,7757,3915,1825,13443,8809
2017-08-25,35871,7942,3916,1838,13439,8736
2017-08-26,35994,8024,3926,1851,13401,8792
2017-08-27,35994,8024,3926,1851,13401,8792
2017-08-28,36009,8024,3926,1851,13401,8807
2017-08-29,36040,8212,3929,1831,13342,8726
2017-08-30,35953,8216,3922,1833,13200,8782
2017-08-31,36018,8406,3905,1827,13101,8779
2017-09-01,,0,0,0,0,0
2017-09-02,,0,0,0,0,0
2017-09-03,,0,0,0,0,0
2017-09-04,35949,8835,3716,1726,12965,8707
2017-09-05,35929,8826,3715,1725,12956,8707
2017-09-06,35875,8925,3678,1733,12862,8677
2017-09-07,35842,8924,3678,1786,12642,8812
2017-09-08,35984,9344,3651,1777,12495,8717
2017-09-09,35742,9255,3656,1767,12412,8652
2017-09-10,35962,9374,3664,1774,12475,8675
2017-09-11,36904,10067,3744,1816,12545,8732
2017-09-12,36543,9882,3707,1819,12475,8660
2017-09-13,32281,9463,3596,995,12340,5887
2017-09-14,35554,9268,3642,1803,12323,8518
2017-09-15,37118,10189,3822,1946,12528,8633
2017-09-16,37927,10679,3912,2005,12542,8789
2017-09-17,37927,10679,3912,2005,12542,8789
2017-09-18,37927,10679,3912,2005,12542,8789
2017-09-19,38163,10811,3908,1971,12535,8938
2017-09-20,37783,10598,3886,1938,12488,8873
2017-09-21,38272,10667,3934,2175,12443,9053
2017-09-22,32301,10538,3354,1214,12137,5058
2017-09-23,39307,11273,3928,2252,12514,9340
2017-09-24,39869,11474,4012,2475,12527,9381
2017-09-25,39869,11474,4012,2475,12527,9381
2017-09-26,17270,737,2673,547,10708,2605
2017-09-27,39975,11438,3925,2577,12587,9448
2017-09-28,40094,11684,3891,2539,12496,9484
2017-09-29,40331,11927,3890,2571,12433,9510
2017-09-30,40457,12015,3927,2620,12382,9513
2017-10-01,40457,12015,3927,2620,12382,9513
2017-10-02,40457,12015,3927,2620,12382,9513
2017-10-03,40175,11924,3885,2583,12278,9505
2017-10-04,40240,11991,3852,2725,12161,9511
2017-10-05,40427,12133,3836,2701,12185,9572
2017-10-06,35967,12199,3611,1886,11979,6292
2017-10-07,41017,12620,3839,2867,12192,9499
2017-10-08,40920,12567,3833,2863,12175,9482
2017-10-09,40920,12567,3833,2863,12175,9482
2017-10-10,41133,12485,3905,3114,12140,9489
2017-10-11,41008,12475,3893,3138,12076,9426
2017-10-12,41142,12503,3932,3022,12010,9675
2017-10-13,30567,11326,3284,631,11429,3897
2017-10-14,41392,12563,3869,3256,11966,9738
2017-10-15,41392,12563,3869,3256,11966,9738
2017-10-16,41392,12563,3869,3256,11966,9738
2017-10-17,41543,12705,3839,3300,11939,9760
2017-10-18,41858,13058,3808,3374,11883,9735
2017-10-19,41260,12857,3510,3342,11812,9739
2017-10-20,33422,12111,2991,1564,11410,5346
2017-10-21,41650,12851,3494,3752,11684,9869
2017-10-22,41641,12846,3493,3751,11683,9868
2017-10-23,41641,12846,3493,3751,11683,9868
2017-10-24,41127,12769,3395,3672,11610,9681
2017-10-25,40984,12682,3313,3923,11473,9593
2017-10-26,41007,12751,3317,3880,11466,9593
2017-10-27,40821,12862,3083,3703,11449,9724
2017-10-28,41263,12943,3112,3992,11513,9703
2017-10-29,41263,12943,3112,3992,11513,9703
2017-10-30,41263,12943,3112,3992,11513,9703
2017-10-31,41326,12986,3106,4140,11471,9623
2017-11-01,41666,12974,3130,4511,11454,9597
2017-11-02,41862,13119,3178,4471,11469,9625
2017-11-03,41911,13037,3199,4658,11419,9598
2017-11-04,42184,13071,3284,4722,11499,9608
2017-11-05,42184,13071,3284,4722,11499,9608
2017-11-06,42184,13071,3284,4722,11499,9608
2017-11-07,42265,12960,3203,5154,11310,9638
2017-11-08,41218,12513,3173,5152,10831,9549
2017-11-09,40941,12291,3203,5502,10490,9455
2017-11-10,40355,12001,3151,5839,10127,9237
2017-11-11,40438,11766,3141,6531,9828,9172
2017-11-12,39645,11487,3124,6474,9474,9086
2017-11-13,39645,11487,3124,6474,9474,9086
2017-11-14,38692,11057,3091,6739,8918,8887
2017-11-15,37582,10653,3032,6651,8474,8772
2017-11-16,37136,10516,3008,6892,8026,8694
2017-11-17,22518,9180,2299,886,7126,3027
2017-11-18,0,0,0,0,0,0
2017-11-19,36702,10117,2920,8044,7157,8464
2017-11-20,36702,10117,2920,8044,7157,8464
2017-11-21,36980,10220,2738,8535,7077,8410
2017-11-22,35068,10085,2628,8445,6884,7026
2017-11-23,36789,9925,2643,9100,6813,8308
2017-11-24,36789,9925,2643,9100,6813,8308
2017-11-25,36815,9864,2570,9356,6739,8286
2017-11-26,37005,9766,2607,9706,6642,8284
2017-11-27,37005,9766,2607,9706,6642,8284
2017-11-28,37294,9709,2598,9818,6644,8525
2017-11-29,37320,9538,2624,10174,6534,8450
2017-11-30,14536,4997,1549,520,5286,2184
2017-12-01,37397,9313,2483,10690,6497,8414
2017-12-02,37725,9301,2444,10976,6581,8423
2017-12-03,37898,9301,2407,11188,6585,8417
2017-12-04,37898,9301,2407,11188,6585,8417
2017-12-05,38043,9172,2369,11548,6592,8362
2017-12-06,38406,9228,2451,11874,6530,8323
2017-12-07,38469,9168,2437,12062,6524,8278
2017-12-08,38411,9078,2407,12230,6505,8191
2017-12-09,38752,9033,2374,12729,6473,8143
2017-12-10,39881,9138,2489,13468,6550,8236
2017-12-11,39881,9138,2489,13468,6550,8236
2017-12-12,39702,9003,2479,13667,6416,8137
2017-12-13,39828,8829,2533,14118,6289,8059
2017-12-14,39456,8533,2510,14339,6089,7985
2017-12-15,38820,8252,2441,14465,5894,7768
2017-12-16,39058,8132,2462,15026,5753,7685
2017-12-17,39200,8068,2474,15351,5677,7630
2017-12-18,39198,8068,2473,15351,5676,7630
2017-12-19,39048,7912,2409,15363,5543,7821
2017-12-20,39046,7747,2347,15565,5401,7986
2017-12-21,38541,7411,2339,15846,5127,7818
2017-12-22,38528,7246,2393,16163,5023,7703
2017-12-23,38930,7170,2394,16686,4974,7706
2017-12-24,39533,7124,2410,17341,4948,7710
2017-12-25,39533,7124,2410,17341,4948,7710
2017-12-26,39533,7124,2410,17341,4948,7710
2017-12-27,39563,7031,2420,17506,4844,7762
2017-12-28,40141,6905,2445,18314,4664,7813
2017-12-29,40347,6720,2415,18779,4508,7925
2017-12-30,40640,6681,2439,19220,4464,7836
2017-12-31,40314,6664,2422,18976,4439,7813
2018-01-01,40313,6664,2422,18975,4439,7813
2018-01-02,40313,6664,2422,18975,4439,7813
2018-01-03,40394,6467,2687,18937,4294,8009
2018-01-04,41120,6234,3027,19579,4157,8123
2018-01-05,41285,6168,3091,19710,4120,8196
2018-01-06,41480,6072,3137,19995,4065,8211
2018-01-07,41480,6072,3137,19995,4065,8211
2018-01-08,41479,6072,3137,19994,4065,8211
2018-01-09,40842,5886,3059,19662,3958,8277
2018-01-10,40422,5595,2918,19848,3762,8299
2018-01-11,39980,5438,2913,19700,3694,8235
2018-01-12,39887,5417,2879,19695,3662,8234
2018-01-13,39885,5417,2879,19694,3662,8233
2018-01-14,39885,5417,2879,19694,3662,8233
2018-01-15,39885,5417,2879,19694,3662,8233
2018-01-16,39539,5217,2881,19757,3531,8153
2018-01-17,39299,5004,2917,20004,3385,7989
2018-01-18,39097,4867,2985,20113,3270,7862
2018-01-19,38896,4779,3068,20041,3212,7796
2018-01-20,40122,4803,4013,20258,3239,7809
2018-01-21,40383,4825,4024,20454,3252,7828
2018-01-22,40383,4825,4024,20454,3252,7828
2018-01-23,40257,4579,4230,20696,3017,7735
2018-01-24,40029,4403,4136,20975,2883,7632
2018-01-25,40298,4332,4432,21070,2819,7645
2018-01-26,40216,4280,4663,20865,2783,7625
2018-01-27,40267,4188,4848,20974,2735,7522
2018-01-28,40267,4188,4848,20974,2735,7522
2018-01-29,40267,4188,4848,20974,2735,7522
2018-01-30,40168,4103,4929,21018,2654,7464
2018-01-31,40057,4008,5060,20961,2591,7437
2018-02-01,40250,3905,5309,20950,2491,7595
2018-02-02,40106,3827,5277,20996,2441,7565
2018-02-03,0,0,0,0,0,0
2018-02-04,40176,3730,5567,21039,2360,7480
2018-02-05,40176,3730,5567,21039,2360,7480
2018-02-06,40116,3577,5658,21031,2248,7602
2018-02-07,40214,3491,5943,21018,2190,7572
2018-02-08,40385,3390,6238,21112,2127,7518
2018-02-09,40626,3347,6526,21143,2109,7501
2018-02-10,40770,3306,6848,21120,2060,7436
2018-02-11,40770,3306,6848,21120,2060,7436
2018-02-12,40770,3306,6848,21120,2060,7436
2018-02-13,37477,3141,6817,20479,1868,5172
2018-02-14,40825,3128,7543,20825,1980,7349
2018-02-15,40679,3069,7562,20726,1928,7394
2018-02-16,40767,3079,7605,20685,1922,7476
2018-02-17,0,0,0,0,0,0
2018-02-18,41360,3036,8296,20604,1907,7517
2018-02-19,41361,3036,8296,20605,1907,7517
2018-02-20,41143,2998,8245,20521,1875,7504
2018-02-21,40761,2964,8301,20236,1801,7459
2018-02-22,40831,2977,8407,20181,1839,7427
2018-02-23,38473,2890,8537,19844,1800,5402
2018-02-24,40565,2948,8402,19895,1849,7471
2018-02-25,40565,2948,8402,19895,1849,7471
2018-02-26,40565,2948,8402,19895,1849,7471
2018-02-27,41789,2780,9375,20061,1661,7912
2018-02-28,41976,2755,9741,19980,1655,7845
2018-03-01,42058,2743,9811,20003,1670,7831
2018-03-02,42671,2769,10255,20051,1681,7915
2018-03-03,43874,2764,11324,20028,1787,7971
2018-03-04,44443,2765,11831,20073,1802,7972
2018-03-05,44443,2765,11831,20073,1802,7972
2018-03-06,,0,0,0,0,0
2018-03-07,44026,2701,11975,19736,1662,7952
2018-03-08,43952,2692,12092,19557,1691,7920
2018-03-09,43838,2697,12104,19380,1698,7959
2018-03-10,43485,2694,11766,19359,1683,7983
2018-03-11,44671,2697,12785,19456,1686,8047
2018-03-12,44668,2697,12785,19453,1686,8047
2018-03-13,44907,2687,13078,19461,1674,8007
2018-03-14,45269,2713,13295,19517,1711,8033
2018-03-15,45868,2703,13940,19499,1722,8004
2018-03-16,46351,2732,14482,19396,1764,7977
2018-03-17,47060,2730,15088,19554,1761,7927
2018-03-18,47644,2737,15596,19604,1768,7939
2018-03-19,47646,2737,15596,19604,1768,7941
2018-03-20,47861,2736,15934,19498,1777,7916
2018-03-21,48179,2737,16194,19382,1745,8121
2018-03-22,48452,2798,16502,19262,1846,8044
2018-03-23,26470,2250,2012,15710,1291,5207
2018-03-24,48729,2739,16924,19065,1965,8036
2018-03-25,48952,2741,17146,19062,1939,8064
2018-03-26,48943,2741,17137,19062,1939,8064
2018-03-27,49153,2787,17303,19037,2026,8000
2018-03-28,49013,2780,17314,18983,1946,7990
2018-03-29,49010,2781,17323,18915,1940,8051
2018-03-30,49631,2727,18335,18450,2146,7973
2018-03-31,49647,2728,18339,18461,2146,7973
2018-04-01,49777,2728,18436,18481,2159,7973
2018-04-02,49777,2728,18436,18481,2159,7973
2018-04-03,49418,2756,18178,18374,2137,7973
2018-04-04,49505,2780,18464,18221,2087,7953
2018-04-05,49319,2773,18514,17981,2137,7914
2018-04-06,49442,2719,18731,17958,2124,7910
2018-04-07,49196,2682,18690,17902,2012,7910
2018-04-08,49928,2682,19190,17929,2001,8126
2018-04-09,49928,2682,19190,17929,2001,8126
2018-04-10,49972,2665,19318,17883,1983,8123
2018-04-11,49289,2134,19497,17794,1766,8098
2018-04-12,49152,2108,19409,17772,1754,8109
2018-04-13,46963,2044,19305,17520,1790,6304
2018-04-14,47223,1974,19237,17304,2024,6684
2018-04-15,49724,1996,20052,17482,2091,8103
2018-04-16,49689,2031,20018,17448,2089,8103
2018-04-17,49225,2031,19728,17326,2068,8072
2018-04-18,49120,2068,19774,17113,2126,8039
2018-04-19,46587,1975,19354,16653,2013,6592
2018-04-20,48599,2141,19622,16625,2272,7939
2018-04-21,49438,2142,20519,16549,2299,7929
2018-04-22,49230,2135,20360,16586,2233,7916
2018-04-23,49230,2135,20360,16586,2233,7916
2018-04-24,49235,2106,20293,16426,2548,7862
2018-04-25,49024,2075,20040,16213,2885,7811
2018-04-26,49800,2070,20886,16119,2846,7879
2018-04-27,50228,2070,21357,16129,2814,7858
2018-04-28,49867,1811,21428,16069,2668,7891
2018-04-29,49872,1807,21379,16129,2658,7899
2018-04-30,49872,1807,21379,16129,2658,7899
2018-05-01,50101,1784,21524,16198,2679,7916
2018-05-02,50678,1744,21494,16203,3107,8130
2018-05-03,50539,1707,21570,16092,3156,8014
2018-05-04,49337,1813,20495,15915,3194,7920
2018-05-05,49239,1828,20236,15779,3334,8062
2018-05-06,49239,1828,20236,15779,3334,8062
2018-05-07,49239,1828,20236,15779,3334,8062
2018-05-08,49021,1814,20160,15740,3263,8044
2018-05-09,49019,1815,20156,15741,3263,8044
2018-05-10,48172,1811,19967,14968,3402,8024
2018-05-11,48099,1867,20087,14054,3776,8315
2018-05-12,48019,1867,20020,13759,3910,8463
2018-05-13,47960,1853,20063,13571,4060,8413
2018-05-14,47960,1853,20063,13571,4060,8413
2018-05-15,47536,1830,19933,13223,4179,8371
2018-05-16,47601,1819,20033,13094,4301,8354
2018-05-17,46623,1803,19858,12543,4199,8220
2018-05-18,46514,1800,19587,12276,4385,8466
2018-05-19,46433,1778,19258,11970,4965,8462
2018-05-20,46002,1753,19108,11658,5053,8430
2018-05-21,46002,1753,19108,11658,5053,8430
2018-05-22,,0,0,0,0,0
2018-05-23,45628,1776,18671,11252,5405,8524
2018-05-24,45593,1776,18574,10982,5740,8521
2018-05-25,32113,1275,15092,10139,650,4957
2018-05-26,45016,1800,18317,10363,6025,8511
2018-05-27,44977,1776,18324,10136,6210,8531
2018-05-28,44977,1776,18324,10136,6210,8531
2018-05-29,41817,1006,18288,9067,6042,7414
2018-05-30,44504,1706,18041,9684,6542,8531
2018-05-31,43214,1629,17548,9113,6470,8454
2018-06-01,43182,1603,17170,8637,7284,8488
2018-06-02,43295,1739,16755,8380,7487,8934
2018-06-03,43476,1747,16389,8242,8096,9002
2018-06-04,43476,1747,16389,8242,8096,9002
2018-06-05,42948,1862,15996,8077,8087,8926
2018-06-06,42554,1880,15704,7927,8083,8960
2018-06-07,42311,1850,15331,7656,8618,8856
2018-06-08,42455,1892,15297,7594,8750,8922
2018-06-09,42183,1864,15140,7451,8853,8875
2018-06-10,43282,1960,15324,7554,9500,8944
2018-06-11,43282,1960,15324,7554,9500,8944
2018-06-12,43456,1885,15412,7398,9712,9049
2018-06-13,43116,1859,15231,7221,9778,9027
2018-06-14,43152,1901,14928,7011,10235,9077
2018-06-15,43206,1937,14553,6841,10762,9113
2018-06-16,43410,2049,14357,6769,11114,9121
2018-06-17,44491,2226,14553,6797,11746,9169
2018-06-18,44491,2226,14553,6797,11746,9169
2018-06-19,42490,1777,14775,5471,12292,8175
2018-06-20,45595,2305,14656,6716,12566,9352
2018-06-21,44485,2255,14183,6413,12306,9328
2018-06-22,44663,2303,14034,6280,12515,9531
2018-06-23,0,0,0,0,0,0
2018-06-24,45663,2581,13963,6235,13052,9832
2018-06-25,45663,2581,13963,6235,13052,9832
2018-06-26,46110,2655,13639,6065,13625,10126
2018-06-27,46337,2815,13440,5969,13903,10210
2018-06-28,46567,2841,13328,5914,14271,10213
2018-06-29,45977,2699,13086,5771,14201,10220
2018-06-30,46678,2940,12978,5646,14925,10189
2018-07-01,47251,3198,13003,5646,15159,10245
2018-07-02,47251,3198,13003,5646,15159,10245
2018-07-03,46808,3211,12744,5468,15057,10328
2018-07-04,46430,3128,12471,5255,15301,10275
2018-07-05,46427,3128,12467,5254,15303,10275
2018-07-06,45823,3090,12153,5051,15276,10253
2018-07-07,45843,3226,11872,4871,15592,10282
2018-07-08,45521,3393,11480,4636,15738,10274
2018-07-09,42976,3345,11284,4483,15370,8494
2018-07-10,44787,3346,11307,4535,15356,10243
2018-07-11,44675,3307,11351,4509,15292,10216
2018-07-12,45198,3333,11371,4503,15708,10283
2018-07-13,45520,3575,11222,4386,16001,10336
2018-07-14,45952,3838,11161,4438,16221,10294
2018-07-15,45952,3838,11161,4438,16221,10294
2018-07-16,45952,3838,11161,4438,16221,10294
2018-07-17,46133,3985,10978,4447,16475,10248
2018-07-18,46111,3968,10843,4322,16516,10462
2018-07-19,46284,4211,10758,4210,16655,10450
2018-07-20,46367,4573,10534,4044,16676,10540
2018-07-21,46920,4538,10441,3996,17299,10646
2018-07-22,46920,4538,10441,3996,17299,10646
2018-07-23,46920,4538,10441,3996,17299,10646
2018-07-24,47117,4794,10297,3890,17514,10622
2018-07-25,47136,4957,10108,3732,17733,10606
2018-07-26,47305,5146,9996,3803,17804,10556
2018-07-27,47225,5318,9909,3787,17663,10548
2018-07-28,47645,5739,9859,3689,17715,10643
2018-07-29,47569,5698,9852,3683,17698,10638
2018-07-30,47568,5698,9852,3683,17697,10638
2018-07-31,47482,5724,9768,3637,17715,10638
2018-08-01,47945,6093,9773,3563,17790,10726
2018-08-02,48604,6294,9743,3520,18256,10791
2018-08-03,49147,6712,9605,3512,18505,10813
2018-08-04,49588,6921,9513,3481,18594,11079
2018-08-05,51314,7514,9513,3492,19700,11095
2018-08-06,51314,7514,9513,3492,19700,11095
2018-08-07,51387,7748,9317,3382,19802,11138
2018-08-08,51533,8127,9075,3223,19694,11414
2018-08-09,51434,8164,8887,3154,19858,11371
2018-08-10,51910,8799,8698,3206,19768,11439
2018-08-11,52052,9190,8534,3133,19735,11460
2018-08-12,52052,9190,8534,3133,19735,11460
2018-08-13,52052,9190,8534,3133,19735,11460
2018-08-14,52507,9576,8477,3072,19955,11427
2018-08-15,52304,9783,8367,2993,19942,11219
2018-08-16,52807,10469,8239,2943,19912,11244
2018-08-17,52819,10757,8165,2931,19725,11241
2018-08-18,53732,11495,8138,2923,19849,11327
2018-08-19,53732,11495,8138,2923,19849,11327
2018-08-20,0,0,0,0,0,0
2018-08-21,54763,12225,8078,2884,19868,11708
2018-08-22,54964,12412,8033,2933,19842,11744
2018-08-23,55137,12455,8043,2962,19910,11767
2018-08-24,55649,12769,8034,2941,19905,12000
2018-08-25,56172,13149,8045,2961,19860,12157
2018-08-26,56362,13210,8064,2974,19945,12169
2018-08-27,56362,13210,8064,2974,19945,12169
2018-08-28,56840,13510,8038,3127,19904,12261
2018-08-29,57951,14394,8031,3116,19985,12425
2018-08-30,58416,14818,8032,3134,19911,12521
2018-08-31,58397,14862,8030,3174,19803,12528
2018-09-01,58617,15054,8029,3169,19783,12582
2018-09-02,59237,15573,8031,3174,19826,12633
2018-09-03,57966,15531,7952,3083,19783,11617
2018-09-04,59151,15558,8019,3171,19788,12615
2018-09-05,59729,16156,7965,3237,19717,12654
2018-09-06,60025,16286,7937,3231,19607,12964
2018-09-07,60274,16544,7922,3259,19539,13010
2018-09-08,60814,17063,7720,3225,19586,13220
2018-09-09,61217,17367,7615,3161,19871,13203
2018-09-10,58277,16862,7465,2877,19613,11460
2018-09-11,61226,17538,7491,3087,19883,13227
2018-09-12,61215,17764,7402,3029,19740,13280
2018-09-13,62534,18550,7420,3061,19926,13577
2018-09-14,63049,18423,7566,3246,19931,13883
2018-09-15,64081,19169,7563,3287,20048,14014
2018-09-16,64792,19758,7576,3290,20081,14087
2018-09-17,0,0,0,0,0,0
2018-09-18,,0,0,0,0,0
2018-09-19,64654,19817,7548,3253,19970,14066
2018-09-20,65107,20230,7524,3270,20005,14078
2018-09-21,65384,20289,7556,3232,20109,14198
2018-09-22,66146,20411,7546,3220,20157,14812
2018-09-23,66444,20608,7541,3218,20244,14833
2018-09-24,0,0,0,0,0,0
2018-09-25,66969,20928,7516,3255,20211,15059
2018-09-26,67321,21122,7510,3421,20145,15123
2018-09-27,67907,21369,7492,3858,20063,15125
2018-09-28,68652,21792,7498,3983,20082,15297
2018-09-29,70071,22837,7514,4130,20082,15508
2018-09-30,70071,22837,7514,4130,20082,15508
2018-10-01,70071,22837,7514,4130,20082,15508
2018-10-02,70309,23052,7513,4215,20069,15460
2018-10-03,70164,22855,7505,4185,19989,15630
2018-10-04,70956,22840,7411,4370,20011,16324
2018-10-05,71587,23382,7394,4482,19949,16380
2018-10-06,72163,23693,7390,4533,19994,16553
2018-10-07,72213,23729,7389,4533,19993,16569
2018-10-08,0,0,0,0,0,0
2018-10-09,72429,23620,7388,4653,19969,16799
2018-10-10,0,0,0,0,0,0
2018-10-11,73037,24029,7366,4919,19834,16889
2018-10-12,73552,24369,7364,5037,19805,16977
2018-10-13,74301,24674,7350,5405,19831,17041
2018-10-14,0,0,0,0,0,0
2018-10-15,0,0,0,0,0,0
2018-10-16,74163,24350,7351,5489,19824,17149
2018-10-17,73460,24495,7281,5712,19791,16181
2018-10-18,75289,24692,7363,6135,19742,17357
2018-10-19,60405,21560,6985,2459,18594,10807
2018-10-20,75913,24783,7360,6534,19725,17511
2018-10-21,15269,616,5446,2332,2105,4770
2018-10-22,0,0,0,0,0,0
2018-10-23,76125,24707,7366,6821,19689,17542
2018-10-24,31247,2722,6153,2398,13027,6947
2018-10-25,76784,24909,7340,7377,19632,17526
2018-10-26,77219,24901,7371,7694,19585,17668
2018-10-27,77910,25157,7383,8099,19589,17682
2018-10-28,77910,25157,7383,8099,19589,17682
2018-10-29,77910,25157,7383,8099,19589,17682
2018-10-30,78648,25302,7378,8762,19528,17678
2018-10-31,79062,25504,7362,9053,19465,17678
2018-11-01,79226,25453,7371,9254,19383,17765
2018-11-02,7648,523,881,1910,222,4112
2018-11-03,79010,25597,6512,9686,19309,17906
2018-11-04,79174,25688,6512,9736,19309,17929
2018-11-05,47013,13559,5565,1649,17541,8699
2018-11-06,26563,1633,5165,1633,11739,6393
2018-11-07,79603,25714,6491,9989,19265,18144
2018-11-08,79715,25649,6493,10169,19217,18187
2018-11-09,79634,25572,6476,10234,19143,18209
2018-11-10,79605,25430,6453,10449,19110,18163
2018-11-11,79862,25432,6453,10676,19111,18190
2018-11-12,79842,25432,6453,10665,19111,18181
2018-11-13,0,0,0,0,0,0
2018-11-14,0,0,0,0,0,0
2018-11-15,0,0,0,0,0,0
2018-11-16,77697,24379,6283,11063,18134,17838
2018-11-17,0,0,0,0,0,0
2018-11-18,0,0,0,0,0,0
2018-11-19,0,0,0,0,0,0
2018-11-20,76171,23368,6325,11414,17322,17742
2018-11-21,67790,21339,6357,8989,16823,14282
2018-11-22,0,0,0,0,0,0
2018-11-23,0,0,0,0,0,0
2018-11-24,0,0,0,0,0,0
2018-11-25,3270,215,188,220,115,2532
2018-11-26,78686,22518,7028,14904,16403,17833
2018-11-27,0,0,0,0,0,0
2018-11-28,0,0,0,0,0,0
2018-11-29,0,0,0,0,0,0
2018-11-30,0,0,0,0,0,0
2018-12-01,0,0,0,0,0,0
2018-12-02,22647,1983,4542,1400,8677,6045
2018-12-03,0,0,0,0,0,0
2018-12-04,0,0,0,0,0,0
2018-12-05,0,0,0,0,0,0
2018-12-06,0,0,0,0,0,0
2018-12-07,0,0,0,0,0,0
2018-12-08,52308,17018,5260,5262,13084,11684
2018-12-09,79054,19058,6918,22145,13435,17498
2018-12-10,67286,17376,6605,16278,13336,13691
2018-12-11,0,0,0,0,0,0
2018-12-12,0,0,0,0,0,0
2018-12-13,0,0,0,0,0,0
2018-12-14,20728,1858,4179,1312,7623,5756
2018-12-15,79067,18167,6762,23918,12747,17473
2018-12-16,0,0,0,0,0,0
2018-12-17,79066,18020,6785,24286,12636,17339
2018-12-18,,0,0,0,0,0
2018-12-19,0,0,0,0,0,0
2018-12-20,0,0,0,0,0,0
2018-12-21,17013,410,3977,1268,6379,4979
2018-12-22,46091,15038,4807,4052,11418,10776
2018-12-23,81824,17210,6940,28034,11792,17848
2018-12-24,81897,17212,6941,28103,11792,17849
2018-12-25,81897,17212,6941,28103,11792,17849
2018-12-26,82717,17224,6940,28921,11817,17815
2018-12-27,82448,17024,6958,29040,11649,17777
2018-12-28,81998,16632,6932,29234,11367,17833
2018-12-29,77747,13806,6618,29493,11097,16733
2018-12-30,82848,16423,7098,30132,11186,18009
2018-12-31,82846,16421,7098,30133,11186,18008
2019-01-01,82597,16438,7053,29920,11194,17992
2019-01-02,83848,16443,7062,30546,11193,18604
2019-01-03,83835,16175,7203,30798,10993,18666
2019-01-04,83565,15797,7134,31252,10565,18817
2019-01-05,81893,14189,6983,32183,10058,18480
2019-01-06,84311,15505,7212,32294,10317,18983
2019-01-07,84311,15505,7212,32294,10317,18983
2019-01-08,84395,15387,7189,32754,10024,19041
2019-01-09,84545,15219,7197,33152,9817,19160
2019-01-10,83596,14916,7178,33710,9557,18235
2019-01-11,84610,14762,7257,34170,9318,19103
2019-01-12,85020,14564,7320,34878,9165,19093
2019-01-13,85246,14564,7320,35082,9165,19115
2019-01-14,85240,14565,7317,35085,9165,19108
2019-01-15,84980,14546,7298,34951,9108,19077
2019-01-16,84840,14042,7580,35311,8753,19154
2019-01-17,0,0,0,0,0,0
2019-01-18,0,0,0,0,0,0
2019-01-19,85220,13204,8273,36496,8072,19175
2019-01-20,13843,362,3213,1114,3587,5567
2019-01-21,6524,318,1028,845,82,4251
2019-01-22,0,0,0,0,0,0
2019-01-23,84586,12813,8285,36622,7767,19099
2019-01-24,85171,12701,8422,37022,7711,19315
2019-01-25,85062,12342,8667,37220,7510,19323
2019-01-26,85045,12341,8660,37212,7509,19323
2019-01-27,85045,12341,8660,37212,7509,19323
2019-01-28,85197,12196,8731,37519,7397,19354
2019-01-29,85157,11991,8823,37755,7265,19323
2019-01-30,83752,11610,8606,37314,6919,19303
2019-01-31,84200,11609,8924,37431,6923,19313
2019-02-01,84293,11574,8905,37610,6894,19310
2019-02-02,83729,11135,9585,37207,6600,19202
2019-02-03,87052,10984,11425,38865,6484,19294
2019-02-04,88071,10963,11758,39545,6470,19335
2019-02-05,88342,10923,12021,39573,6423,19402
2019-02-06,89440,10862,12875,39712,6419,19572
2019-02-07,90671,10876,13547,39902,6414,19932
2019-02-08,92393,10887,14464,40367,6438,20237
2019-02-09,94045,10878,15507,40849,6444,20367
2019-02-10,94875,10890,16184,40918,6443,20440
2019-02-11,94875,10890,16184,40918,6443,20440
2019-02-12,95169,10890,16590,40820,6432,20437
2019-02-13,96089,10798,17951,40590,6423,20327
2019-02-14,96262,10770,18373,40344,6423,20352
2019-02-15,96185,10767,18215,40300,6430,20473
2019-02-16,96569,10760,18718,40248,6414,20429
2019-02-17,96587,10766,18717,40255,6418,20431
2019-02-18,97672,10766,19537,40459,6430,20480
2019-02-19,98025,10748,20077,40305,6410,20485
2019-02-20,98573,10695,20811,40123,6402,20542
2019-02-21,99462,10662,21841,39938,6504,20517
2019-02-22,99539,10463,22315,39806,6500,20455
2019-02-23,99399,10133,22718,39763,6293,20492
2019-02-24,99457,10143,22724,39810,6286,20494
2019-02-25,99627,10120,23006,39695,6295,20511
2019-02-26,100170,9806,24295,39520,6114,20435
2019-02-27,100144,9620,24978,39102,6017,20427
2019-02-28,100380,9620,25228,39041,6032,20459
2019-03-01,100125,9567,25418,38732,5995,20413
2019-03-02,100260,9555,25748,38522,6008,20427
2019-03-03,100333,9554,25791,38531,6011,20446
2019-03-04,100670,9553,26134,38521,6012,20450
2019-03-05,101630,9576,26674,38873,6033,20474
2019-03-06,102409,9633,27532,38685,6060,20499
2019-03-07,103085,9612,28222,38643,6065,20543
2019-03-08,103584,9557,28782,38525,6043,20677
2019-03-09,104485,9540,29409,38696,6036,20804
2019-03-10,104756,9539,29624,38746,6039,20808
2019-03-11,105049,9534,29874,38796,6041,20804
2019-03-12,105333,9471,30430,38630,6055,20747
2019-03-13,105864,9465,30913,38597,6059,20830
2019-03-14,106562,9455,31510,38637,6088,20872
2019-03-15,107145,9492,31849,38804,6058,20942
2019-03-16,107484,9485,32091,38888,6074,20946
2019-03-17,1607,12,103,235,55,1202
2019-03-18,107731,9500,32242,38989,6065,20935
2019-03-19,107839,9454,32569,38779,6077,20960
2019-03-20,107844,9454,32778,38773,6063,20776
2019-03-21,107873,9447,32925,38738,6052,20711
2019-03-22,110826,9543,33810,39119,6060,22294
2019-03-23,109562,9452,34452,38764,6053,20841
2019-03-24,110301,9454,35121,38804,6077,20845
2019-03-25,110451,9441,35314,38741,6096,20859
2019-03-26,110262,9415,35392,38514,6097,20844
2019-03-27,110729,9429,35803,38516,6096,20885
2019-03-28,111510,9486,36480,38514,6117,20913
2019-03-29,112298,9496,37258,38533,6109,20902
2019-03-30,112970,9498,37884,38547,6121,20920
2019-03-31,112684,9496,37689,38477,6119,20903
2019-04-01,113788,9512,38150,38447,6251,21428
2019-04-02,113073,9066,39076,37909,6191,20831
2019-04-03,114260,9085,40013,38084,6198,20880
2019-04-04,115100,9081,41030,37903,6180,20906
2019-04-05,115899,9081,41777,37846,6252,20943
2019-04-06,116985,8968,43226,37688,6199,20904
2019-04-07,117415,8970,43578,37716,6248,20903
2019-04-08,117254,8968,43467,37688,6245,20886
2019-04-09,112080,6509,43350,37431,4220,20570
2019-04-10,109800,5681,43752,37103,3721,19543
2019-04-11,110093,5485,44360,36972,3752,19524
2019-04-12,110136,5442,44671,36691,3756,19576
2019-04-13,110618,5425,45295,36518,3818,19562
2019-04-14,110683,5424,45390,36472,3831,19566
2019-04-15,110336,5420,45125,36407,3831,19553
2019-04-16,121697,5700,50945,39724,4319,21009
2019-04-17,112550,5495,46231,36917,4205,19702
2019-04-18,113077,5493,46784,36801,4327,19672
2019-04-19,114058,5514,47556,36715,4432,19841
2019-04-20,114546,5524,47654,36645,4830,19893
2019-04-21,114357,5522,47404,36612,4931,19888
2019-04-22,113792,5518,47019,36492,4924,19839
2019-04-23,113275,5519,46415,36409,5063,19869
2019-04-24,113585,5502,46451,36242,5429,19961
2019-04-25,113467,5511,46300,36194,5482,19980
2019-04-26,113622,5500,46577,36146,5486,19913
2019-04-27,113619,5485,46565,36024,5636,19909
2019-04-28,113690,5486,46589,36013,5701,19901
2019-04-29,113405,5470,46449,35945,5672,19869
2019-04-30,113481,5468,46417,35935,5748,19913
2019-05-01,113823,5456,46509,35658,6116,20084
2019-05-02,114192,5434,46433,35398,6849,20078
2019-05-03,113775,5412,46104,34861,7333,20065
2019-05-04,113656,5538,45926,34377,7704,20111
2019-05-05,112348,5489,45331,34024,7491,20013
2019-05-06,112112,5480,45232,33938,7465,19997
2019-05-07,111307,5449,44878,33446,7593,19941
2019-05-08,111554,5409,44743,32996,8491,19915
2019-05-09,111781,5407,44512,32713,9292,19857
2019-05-10,110846,5370,43984,32354,9357,19781
2019-05-11,111103,5472,43829,32149,9762,19891
2019-05-12,111392,5543,43791,32131,10108,19819
2019-05-13,111380,5544,43781,32130,10107,19818
2019-05-14,110320,5586,43476,31683,9802,19773
2019-05-15,110675,5535,43387,31729,10330,19694
2019-05-16,111374,5483,43366,31942,10918,19665
2019-05-17,112581,5475,43494,32090,11870,19652
2019-05-18,112952,5527,43450,32044,12337,19594
2019-05-19,112853,5523,43365,32003,12377,19585
2019-05-20,112343,5502,43158,31818,12316,19549
2019-05-21,112441,5577,43069,31689,12582,19524
2019-05-22,112346,5644,42662,31256,13277,19507
2019-05-23,111510,5602,42156,30784,13482,19486
2019-05-24,112230,5585,41839,30272,15113,19421
2019-05-25,112751,5534,41400,29983,16435,19399
2019-05-26,112781,5550,41238,29870,16748,19375
2019-05-27,112372,5534,41061,29718,16702,19357
2019-05-28,112171,5534,41060,29564,16702,19311
2019-05-29,112135,5552,40725,29359,17211,19288
2019-05-30,113053,5695,40601,29011,18431,19315
2019-05-31,112773,5669,40070,28496,19151,19387
2019-06-01,111892,5565,39430,27847,19727,19323
2019-06-02,112101,5569,39372,27745,20116,19299
2019-06-03,110805,5522,38808,27309,19920,19246
2019-06-04,110330,5441,38346,26807,20510,19226
2019-06-05,110829,5416,37973,26469,21770,19201
2019-06-06,109589,5376,37123,25856,22106,19128
2019-06-07,108716,5328,36448,25375,22631,18934
2019-06-08,107807,5317,35774,24843,23023,18850
2019-06-09,107751,5300,35695,24765,23116,18875
2019-06-10,107259,5288,35478,24624,23014,18855
2019-06-11,106902,5233,35096,24413,23355,18805
2019-06-12,107053,5314,34821,24219,23877,18822
2019-06-13,106635,5343,34563,24111,23798,18820
2019-06-14,106757,5498,34078,23761,24378,19042
2019-06-15,107655,5708,33910,23623,25315,19099
2019-06-16,107439,5709,33809,23587,25246,19088
2019-06-17,106752,5659,33555,23423,25043,19072
2019-06-18,108622,5947,33835,23491,26224,19125
2019-06-19,108768,6015,33578,23322,26753,19100
2019-06-20,109672,6132,33543,23214,27701,19082
2019-06-21,108121,6074,33036,22769,27460,18782
2019-06-22,107522,6057,32851,22621,27250,18743
2019-06-23,107522,6057,32851,22621,27250,18743
2019-06-24,106045,5996,32397,22304,26660,18688
2019-06-25,106036,5996,32390,22302,26660,18688
2019-06-26,106100,5999,32434,22330,26641,18696
2019-06-27,105933,6011,32127,22034,27132,18629
2019-06-28,104234,5943,31357,21399,26990,18545
2019-06-29,99202,5582,29531,19812,26384,17893
2019-06-30,98267,5539,29186,19511,26183,17848
2019-07-01,98015,5525,29094,19420,26129,17847
2019-07-02,97147,5476,28581,18982,26310,17798
2019-07-03,97813,5725,28483,18509,27231,17865
2019-07-04,102942,6461,29715,20085,28343,18338
2019-07-05,102736,6667,29166,19598,29078,18227
2019-07-06,101828,6836,28544,18927,29420,18101
2019-07-07,102498,6884,28836,19189,29457,18132
2019-07-08,102171,6985,28654,18931,29477,18124
2019-07-09,101471,6961,28224,18424,29736,18126
2019-07-10,101223,7229,27843,18068,29963,18120
2019-07-11,100293,7383,27163,17566,30091,18090
2019-07-12,98722,7361,26596,16975,29835,17955
2019-07-13,98188,7584,25880,16487,30351,17886
2019-07-14,98135,7730,25505,16594,30546,17760
2019-07-15,97598,7790,25049,16288,30690,17781
2019-07-16,96132,7921,24274,15698,30558,17681
2019-07-17,96082,8181,23883,15409,30985,17624
2019-07-18,95282,8372,23327,15002,31063,17518
2019-07-19,95326,8950,22803,14729,31408,17436
2019-07-20,95456,9424,22255,14618,31751,17408
2019-07-21,97157,10096,22452,14745,32437,17427
2019-07-22,97679,10320,22416,14738,32766,17439
2019-07-23,97722,10615,22076,14590,33051,17390
2019-07-24,97247,11178,21657,14324,32774,17314
2019-07-25,96982,11542,21389,14135,32680,17236
2019-07-26,97288,12224,20741,13955,32996,17372
2019-07-27,97777,12689,20606,13835,33254,17393
