date,IN_PO_EST,IN_PO_UNITS
2016-01-01,199.58322066387132,
2016-01-02,0.0,
2016-01-03,0.0,
2016-01-04,198.30117539996888,264
2016-01-05,208.39312992035059,338
2016-01-06,208.54126783444593,258
2016-01-07,206.79126783444593,249
2016-01-08,210.55807738741595,280
2016-01-09,0.0,
2016-01-10,0.0,
2016-01-11,215.404871437248,287
2016-01-12,210.73820477058132,135
2016-01-13,213.35585182940486,13
2016-01-14,213.35585182940486,317
2016-01-15,323.2958101555293,290
2016-01-16,0.0,
2016-01-17,0.0,
2016-01-18,271.45737836453458,190
2016-01-19,271.45737836453458,391
2016-01-20,283.00273602623474,288
2016-01-21,293.97318524840836,183
2016-01-22,294.90901858174169,42
2016-01-23,0.0,
2016-01-24,0.0,
2016-01-25,307.08415659780655,166
2016-01-26,309.58687398911093,234
2016-01-27,309.65830256053948,369
2016-01-28,313.57345407569096,420
2016-01-29,321.65509937483631,288
2016-01-30,0.0,
2016-01-31,0.0,
2016-02-01,516.33025627079712,494
2016-02-02,511.50151892263472,160
2016-02-03,511.1121631803378,307
2016-02-04,512.1121631803378,246
2016-02-05,523.354523428785,
2016-02-06,0.0,
2016-02-07,0.0,
2016-02-08,519.59188290124735,480
2016-02-09,522.2091859112395,510
2016-02-10,522.57585257790618,502
2016-02-11,513.46692578133639,533
2016-02-12,515.03056214497281,261
2016-02-13,0.0,226
2016-02-14,0.0,
2016-02-15,567.61708520116076,160
2016-02-16,525.2514661020632,366
2016-02-17,523.72742999177615,337
2016-02-18,525.53556438611747,390
2016-02-19,520.07674085670567,283
2016-02-20,0.0,
2016-02-21,0.0,
2016-02-22,507.88941903066205,534
2016-02-23,506.88941903066205,215
2016-02-24,506.58941903066204,396
2016-02-25,508.21350327974625,257
2016-02-26,520.074727836623,381
2016-02-27,0.0,499
2016-02-28,0.0,
2016-02-29,451.83058788289668,340
2016-03-01,473.07943270949255,260
2016-03-02,463.23925918245459,219
2016-03-03,465.20098167049287,324
2016-03-04,466.7441189253949,419
2016-03-05,0.0,
2016-03-06,0.0,
2016-03-07,459.80685832347967,374
2016-03-08,455.80685832347967,538
2016-03-09,456.16260062039839,450
2016-03-10,458.10490831270613,573
2016-03-11,453.33507925287711,791
2016-03-12,0.0,
2016-03-13,0.0,
2016-03-14,449.68138680153754,659
2016-03-15,482.13454676983912,702
2016-03-16,367.95687970488643,374
2016-03-17,367.95687970488643,233
2016-03-18,368.27060519508245,399
2016-03-19,0.0,
2016-03-20,0.0,
2016-03-21,363.43234481711625,661
2016-03-22,361.44345592822742,403
2016-03-23,361.16845592822739,486
2016-03-24,352.38657099803959,435
2016-03-25,352.98657099803955,
2016-03-26,0.0,
2016-03-27,0.0,
2016-03-28,344.17827458856669,181
2016-03-29,336.6256430096193,710
2016-03-30,340.79929415522167,560
2016-03-31,325.50207119654567,379
2016-04-01,247.58457458298648,75
2016-04-02,0.0,211
2016-04-03,0.0,
2016-04-04,230.26166589548023,299
2016-04-05,232.99226010510665,407
2016-04-06,232.79660793119362,415
2016-04-07,234.08133015341582,730
2016-04-08,238.20633015341582,680
2016-04-09,0.0,
2016-04-10,0.0,
2016-04-11,235.15273908002274,131
2016-04-12,224.67113372885223,264
2016-04-13,224.38541944313795,274
2016-04-14,224.38541944313795,241
2016-04-15,259.73856608370073,458
2016-04-16,0.0,
2016-04-17,0.0,
2016-04-18,175.2718334659391,85
2016-04-19,184.42676304340387,321
2016-04-20,219.39390774624627,368
2016-04-21,219.24314684127143,146
2016-04-22,219.70981350793812,208
2016-04-23,0.0,
2016-04-24,0.0,
2016-04-25,215.53124207936668,145
2016-04-26,216.39988209947728,201
2016-04-27,253.64347184306706,179
2016-04-28,198.12288502248026,231
2016-04-29,201.30975370934897,152
2016-04-30,0.0,
2016-05-01,0.0,
2016-05-02,297.24405339282453,453
2016-05-03,255.11905339282453,265
2016-05-04,258.46905339282455,156
2016-05-05,269.31803529327703,185
2016-05-06,269.31803529327703,66
2016-05-07,0.0,
2016-05-08,0.0,
2016-05-09,271.06397775661077,299
2016-05-10,275.960667479931,199
2016-05-11,278.15678254765891,218
2016-05-12,296.24210000797638,404
2016-05-13,299.00107436695072,237
2016-05-14,0.0,
2016-05-15,0.0,
2016-05-16,404.65677273437637,514
2016-05-17,403.43443902943403,352
2016-05-18,400.67989357488852,398
2016-05-19,389.92989357488852,122
2016-05-20,403.24417928917421,256
2016-05-21,0.0,
2016-05-22,0.0,
2016-05-23,384.3775126225076,586
2016-05-24,384.3775126225076,252
2016-05-25,392.32089840339336,424
2016-05-26,374.02381581278144,448
2016-05-27,374.20563399459957,308
2016-05-28,0.0,
2016-05-29,0.0,
2016-05-30,409.4271136329736,
2016-05-31,392.34989097672212,493
2016-06-01,384.84152077126765,780
2016-06-02,380.66981918109735,314
2016-06-03,370.06112352892347,315
2016-06-04,0.0,
2016-06-05,0.0,
2016-06-06,380.15177395981368,353
2016-06-07,376.2184406264804,348
2016-06-08,376.23142763946743,382
2016-06-09,375.09989805793782,532
2016-06-10,380.68499122563969,581
2016-06-11,0.0,
2016-06-12,0.0,
2016-06-13,359.660347703245,979
2016-06-14,360.89951550062182,623
2016-06-15,420.58837891050752,92
2016-06-16,361.74925488500662,263
2016-06-17,361.04925488500669,185
2016-06-18,0.0,
2016-06-19,0.0,
2016-06-20,394.89461588755506,514
2016-06-21,403.86102469881047,447
2016-06-22,402.66102469881048,484
2016-06-23,401.06102469881051,309
2016-06-24,399.34437420159975,309
2016-06-25,0.0,
2016-06-26,0.0,
2016-06-27,396.44728657658112,453
2016-06-28,382.46969621513534,517
2016-06-29,382.53333257877171,324
2016-06-30,425.15899235481675,478
2016-07-01,466.44979347817775,84
2016-07-02,0.0,453
2016-07-03,0.0,
2016-07-04,455.96626778593,
2016-07-05,459.67416598993793,362
2016-07-06,457.56268363392996,388
2016-07-07,457.56268363392996,295
2016-07-08,457.56268363392996,202
2016-07-09,0.0,
2016-07-10,0.0,
2016-07-11,465.99925429145139,334
2016-07-12,465.39925429145143,294
2016-07-13,462.38346481776722,424
2016-07-14,482.9959050091548,289
2016-07-15,598.19590468834031,219
2016-07-16,0.0,
2016-07-17,0.0,
2016-07-18,500.71574847602119,550
2016-07-19,499.36013350275914,534
2016-07-20,504.06447033262191,712
2016-07-21,491.06091022135962,356
2016-07-22,494.81293920686682,410
2016-07-23,0.0,
2016-07-24,0.0,
2016-07-25,519.12607282136275,331
2016-07-26,524.55452576865207,354
2016-07-27,525.46881148293778,370
2016-07-28,525.71881148293778,901
2016-07-29,526.22817069053838,479
2016-07-30,0.0,
2016-07-31,0.0,
2016-08-01,735.20879002362892,389
2016-08-02,714.42024512809189,427
2016-08-03,715.9693679351094,331
2016-08-04,715.47455000793866,559
2016-08-05,729.98162534470464,478
2016-08-06,0.0,
2016-08-07,0.0,
2016-08-08,733.90834394721855,496
2016-08-09,755.94116446003909,374
2016-08-10,788.52054700534927,380
2016-08-11,786.94965576475238,401
2016-08-12,799.26394147903807,404
2016-08-13,0.0,415
2016-08-14,0.0,
2016-08-15,941.216671041466,618
2016-08-16,788.17486363069577,406
2016-08-17,792.06863652446862,580
2016-08-18,796.68273908857122,697
2016-08-19,798.025222748702,468
2016-08-20,0.0,1246
2016-08-21,0.0,
2016-08-22,766.33402841031022,684
2016-08-23,764.824402741861,842
2016-08-24,764.824402741861,1006
2016-08-25,786.45359632372038,821
2016-08-26,774.06398720671018,808
2016-08-27,0.0,
2016-08-28,0.0,
2016-08-29,728.99929574139355,608
2016-08-30,734.96603270873084,657
2016-08-31,640.80332813388065,435
2016-09-01,572.4286753712953,471
2016-09-02,547.493060818668,425
2016-09-03,0.0,149
2016-09-04,0.0,
2016-09-05,539.14459338571794,
2016-09-06,536.82343951289351,459
2016-09-07,537.29242347011279,679
2016-09-08,537.70075680344621,758
2016-09-09,538.30075680344612,339
2016-09-10,0.0,385
2016-09-11,0.0,
2016-09-12,527.22773484924289,359
2016-09-13,513.33985606136412,570
2016-09-14,513.32318939469735,272
2016-09-15,560.90407409734746,488
2016-09-16,406.06520576775313,514
2016-09-17,0.0,419
2016-09-18,0.0,
2016-09-19,404.21996394995028,412
2016-09-20,394.28204520203155,567
2016-09-21,386.03264256218773,211
2016-09-22,377.69273257380212,363
2016-09-23,372.93990156644935,436
2016-09-24,0.0,4
2016-09-25,0.0,
2016-09-26,369.32808634018829,801
2016-09-27,368.63229795618474,648
2016-09-28,368.53229795618478,403
2016-09-29,368.53229795618478,274
2016-09-30,392.17204995245447,278
2016-10-01,0.0,
2016-10-02,0.0,
2016-10-03,346.10800309036495,495
2016-10-04,345.65148135123457,233
2016-10-05,344.55148135123454,329
2016-10-06,337.3793808873088,319
2016-10-07,339.70438088730884,160
2016-10-08,0.0,
2016-10-09,0.0,
2016-10-10,349.89205237325393,184
2016-10-11,337.62498223890162,362
2016-10-12,338.86783938175876,109
2016-10-13,338.86783938175876,216
2016-10-14,363.73026199498781,325
2016-10-15,0.0,
2016-10-16,0.0,
2016-10-17,474.4874690803544,236
2016-10-18,460.23855133143661,217
2016-10-19,461.37742692952276,448
2016-10-20,500.09388834167385,152
2016-10-21,501.33988401266947,270
2016-10-22,0.0,
2016-10-23,0.0,
2016-10-24,512.188263087241,586
2016-10-25,521.03412781969041,345
2016-10-26,513.75527955442908,368
2016-10-27,513.92577314501966,716
2016-10-28,523.53418212734175,287
2016-10-29,0.0,301
2016-10-30,0.0,
2016-10-31,434.49841310376922,609
2016-11-01,656.53890416576291,467
2016-11-02,649.52974890394012,614
2016-11-03,656.21633063668889,429
2016-11-04,658.0740770073005,542
2016-11-05,0.0,
2016-11-06,0.0,
2016-11-07,665.20970017034119,247
2016-11-08,665.39606380670489,581
2016-11-09,676.75488733611655,455
2016-11-10,680.35397824520737,335
2016-11-11,682.06013368397157,334
2016-11-12,0.0,417
2016-11-13,0.0,
2016-11-14,722.53255846941215,167
2016-11-15,850.16317160424626,195
2016-11-16,630.6737611788908,282
2016-11-17,621.85462614725589,370
2016-11-18,624.02129281392263,441
2016-11-19,0.0,583
2016-11-20,0.0,
2016-11-21,632.754760519005,422
2016-11-22,632.06794733219181,773
2016-11-23,635.70256271680728,979
2016-11-24,644.98122082552038,301
2016-11-25,645.35985503782592,384
2016-11-26,0.0,642
2016-11-27,0.0,
2016-11-28,617.14470945935466,565
2016-11-29,628.94805280531273,563
2016-11-30,639.43941304391137,995
2016-12-01,637.59196094995775,549
2016-12-02,625.21250949506339,696
2016-12-03,0.0,736
2016-12-04,0.0,240
2016-12-05,647.06648243865141,449
2016-12-06,661.55638142855037,578
2016-12-07,662.506645978815,498
2016-12-08,687.11313948530835,640
2016-12-09,704.92829100045992,651
2016-12-10,0.0,24
2016-12-11,0.0,
2016-12-12,680.81268311652161,329
2016-12-13,665.68589825541994,1009
2016-12-14,664.781160896559,498
2016-12-15,702.58935438098626,669
2016-12-16,547.57358115699651,975
2016-12-17,0.0,
2016-12-18,0.0,
2016-12-19,528.01757789626186,408
2016-12-20,524.29290892776248,755
2016-12-21,491.89079692354034,421
2016-12-22,488.09079692354032,335
2016-12-23,485.39079692354039,543
2016-12-24,0.0,
2016-12-25,0.0,
2016-12-26,479.85949746567866,
2016-12-27,480.52366107984227,423
2016-12-28,484.35223250841369,384
2016-12-29,487.66088613548834,1027
2016-12-30,495.18973361650973,185
2016-12-31,0.0,
2017-01-01,0.0,
2017-01-02,354.5776399239997,
2017-01-03,355.03747277292882,574
2017-01-04,353.86247277292887,527
2017-01-05,358.22487149160224,1040
2017-01-06,357.80981020447945,1358
2017-01-07,0.0,
2017-01-08,0.0,
2017-01-09,356.18573724609746,918
2017-01-10,364.66112890055922,1121
2017-01-11,401.50075067357523,459
2017-01-12,410.43828568758084,598
2017-01-13,419.40659218728263,
2017-01-14,0.0,
2017-01-15,0.0,
2017-01-16,452.67062733370847,179
2017-01-17,456.3871128918297,456
2017-01-18,448.8357128472295,284
2017-01-19,443.09413632830086,344
2017-01-20,450.41334807008371,368
2017-01-21,0.0,
2017-01-22,0.0,
2017-01-23,421.70603966203697,603
2017-01-24,443.61759687390008,324
2017-01-25,452.06414942549191,179
2017-01-26,450.25306610990032,325
2017-01-27,448.41271523270728,222
2017-01-28,0.0,
2017-01-29,0.0,
2017-01-30,463.40718218758678,257
2017-01-31,454.190691410854,216
2017-02-01,702.32569809453378,260
2017-02-02,701.50279843801047,166
2017-02-03,697.96144670797935,468
2017-02-04,0.0,
2017-02-05,0.0,
2017-02-06,700.39004274623062,219
2017-02-07,696.67778784427,382
2017-02-08,711.94862117760329,370
2017-02-09,714.59554740711155,187
2017-02-10,719.84796684920934,408
2017-02-11,0.0,
2017-02-12,0.0,
2017-02-13,693.05539020419224,660
2017-02-14,682.28883176263389,423
2017-02-15,789.62201185485208,490
2017-02-16,694.6615473305319,254
2017-02-17,708.79191262733571,586
2017-02-18,0.0,
2017-02-19,0.0,
2017-02-20,712.80232347203651,553
2017-02-21,703.60272404187344,374
2017-02-22,691.37342001256934,740
2017-02-23,691.640086679236,585
2017-02-24,691.30675334590273,636
2017-02-25,0.0,641
2017-02-26,0.0,
2017-02-27,694.15805286631428,688
2017-02-28,714.13864829427814,523
2017-03-01,786.14876768134752,347
2017-03-02,768.99110452849857,517
2017-03-03,764.59647048037618,516
2017-03-04,0.0,678
2017-03-05,0.0,
2017-03-06,756.50253747574368,782
2017-03-07,741.54003747574347,532
2017-03-08,730.38397356869928,429
2017-03-09,737.24111642584216,426
2017-03-10,741.76329814139683,544
2017-03-11,0.0,467
2017-03-12,0.0,
2017-03-13,730.20073212875081,628
2017-03-14,729.46103932855374,
2017-03-15,753.81634774162478,346
2017-03-16,556.36309450888939,800
2017-03-17,562.09894868715071,472
2017-03-18,0.0,489
2017-03-19,0.0,
2017-03-20,563.3967536573607,645
2017-03-21,555.14145062705768,617
2017-03-22,557.88309023744728,914
2017-03-23,557.88761164196865,704
2017-03-24,559.21680418855249,837
2017-03-25,0.0,468
2017-03-26,0.0,
2017-03-27,562.48483549323475,647
2017-03-28,592.45712986552917,499
2017-03-29,587.29046319886243,1091
2017-03-30,594.54789654394119,790
2017-03-31,496.50033194095147,585
2017-04-01,0.0,639
2017-04-02,0.0,
2017-04-03,515.23724385826836,819
2017-04-04,529.76746363848792,619
2017-04-05,537.68408701511134,390
2017-04-06,527.33104851608607,580
2017-04-07,516.22542081045844,494
2017-04-08,0.0,509
2017-04-09,0.0,
2017-04-10,515.08206127893186,458
2017-04-11,513.41088780954408,551
2017-04-12,510.0537449524013,378
2017-04-13,502.96851767967394,630
2017-04-14,480.18633446394711,
2017-04-15,0.0,269
2017-04-16,0.0,
2017-04-17,344.56166507298764,580
2017-04-18,337.34844215760603,422
2017-04-19,339.76293619207354,594
2017-04-20,346.83942484802009,638
2017-04-21,342.28504452738127,835
2017-04-22,0.0,
2017-04-23,0.0,
2017-04-24,297.48813055157359,1106
2017-04-25,301.12130198560709,474
2017-04-26,304.21638757630762,339
2017-04-27,301.3903481975409,534
2017-04-28,307.99115160868911,120
2017-04-29,0.0,
2017-04-30,0.0,
2017-05-01,504.89025344112474,259
2017-05-02,514.69645445633137,137
2017-05-03,512.09850573838264,178
2017-05-04,512.44287995894115,188
2017-05-05,519.32688942479638,216
2017-05-06,0.0,
2017-05-07,0.0,
2017-05-08,514.18534884678763,266
2017-05-09,501.35782486749889,399
2017-05-10,499.04254015221409,412
2017-05-11,490.88902158744565,360
2017-05-12,513.8770557754799,444
2017-05-13,0.0,
2017-05-14,0.0,
2017-05-15,659.27122596710944,199
2017-05-16,559.271451331612,422
2017-05-17,555.84367355383415,430
2017-05-18,550.53002347841948,508
2017-05-19,552.06335681175278,368
2017-05-20,0.0,
2017-05-21,0.0,
2017-05-22,554.3866639663247,711
2017-05-23,559.98936598652676,627
2017-05-24,560.38663793878584,791
2017-05-25,571.602341203356,731
2017-05-26,581.0977444112591,882
2017-05-27,0.0,390
2017-05-28,0.0,
2017-05-29,582.32155891093578,
2017-05-30,576.3444721228783,627
2017-05-31,557.45520867540506,512
2017-06-01,742.32520778371213,780
2017-06-02,671.94580704485656,473
2017-06-03,0.0,
2017-06-04,0.0,
2017-06-05,673.87048591696282,315
2017-06-06,648.13048591696281,759
2017-06-07,656.93699284971342,427
2017-06-08,667.40921507193559,823
2017-06-09,701.61088696326271,737
2017-06-10,0.0,
2017-06-11,0.0,
2017-06-12,696.34139029303856,315
2017-06-13,699.019449162274,346
2017-06-14,672.95537989820468,519
2017-06-15,792.66193517963973,472
2017-06-16,568.65067631468855,865
2017-06-17,0.0,764
2017-06-18,0.0,
2017-06-19,583.36984780865566,674
2017-06-20,607.44871589381046,472
2017-06-21,599.98777353920127,613
2017-06-22,581.7314614627137,512
2017-06-23,648.37876467385331,376
2017-06-24,0.0,
2017-06-25,0.0,
2017-06-26,686.5628007780557,456
2017-06-27,676.76140326252789,603
2017-06-28,676.0355207804655,550
2017-06-29,679.12881082375554,444
2017-06-30,701.06190652004886,322
2017-07-01,0.0,87
2017-07-02,0.0,
2017-07-03,668.16824174219028,370
2017-07-04,674.41824174219028,
2017-07-05,677.8993906503008,539
2017-07-06,642.18538355974351,847
2017-07-07,661.9734063896268,566
2017-07-08,0.0,
2017-07-09,0.0,
2017-07-10,632.7152184031039,500
2017-07-11,636.65156573189051,610
2017-07-12,629.30037945047172,597
2017-07-13,632.73360455869692,513
2017-07-14,640.39967567268332,753
2017-07-15,0.0,
2017-07-16,0.0,
2017-07-17,594.75218496737227,474
2017-07-18,586.7586243613116,508
2017-07-19,605.33236649967648,373
2017-07-20,611.26118887674943,595
2017-07-21,613.54855151411209,871
2017-07-22,0.0,
2017-07-23,0.0,
2017-07-24,653.13887192739446,572
2017-07-25,660.40013488259331,551
2017-07-26,656.38412671043761,443
2017-07-27,650.49321761952854,468
2017-07-28,803.69566977263855,325
2017-07-29,0.0,
2017-07-30,0.0,
2017-07-31,833.6286763995073,896
2017-08-01,970.99930029384154,614
2017-08-02,823.32788475909308,476
2017-08-03,819.10515466898255,573
2017-08-04,824.62074606683211,406
2017-08-05,0.0,
2017-08-06,0.0,
2017-08-07,798.68729575066982,1211
2017-08-08,794.30158146495558,1608
2017-08-09,753.850469539247,1471
2017-08-10,758.13623567340767,1471
2017-08-11,757.01175026634144,771
2017-08-12,0.0,
2017-08-13,0.0,
2017-08-14,746.07919113303194,219
2017-08-15,809.784313582385,874
2017-08-16,663.9901502808749,544
2017-08-17,662.35026853660293,1139
2017-08-18,665.74117762751189,844
2017-08-19,0.0,
2017-08-20,0.0,
2017-08-21,661.33159309141752,619
2017-08-22,657.925793956342,957
2017-08-23,659.93497762981144,850
2017-08-24,657.31506420989786,668
2017-08-25,659.62932735401444,532
2017-08-26,0.0,
2017-08-27,0.0,
2017-08-28,686.35253532212482,496
2017-08-29,683.09697976656935,472
2017-08-30,683.99828956846591,607
2017-08-31,639.866260552221,556
2017-09-01,713.35314566667489,537
2017-09-02,0.0,
2017-09-03,0.0,
2017-09-04,691.94470659228409,
2017-09-05,692.19323878925377,464
2017-09-06,657.85795740397236,593
2017-09-07,654.7175452967,798
2017-09-08,658.21754529669988,249
2017-09-09,0.0,
2017-09-10,0.0,858
2017-09-11,658.422065383641,430
2017-09-12,656.883111129267,338
2017-09-13,656.57395993563318,341
2017-09-14,655.62741615683137,691
2017-09-15,696.83664613268343,502
2017-09-16,0.0,
2017-09-17,0.0,
2017-09-18,514.7619106085881,633
2017-09-19,505.88520809962756,380
2017-09-20,507.93857141987729,456
2017-09-21,499.20234045785685,670
2017-09-22,511.03264348815986,474
2017-09-23,0.0,547
2017-09-24,0.0,
2017-09-25,513.75869121494281,515
2017-09-26,493.95686709819938,531
2017-09-27,496.4989015361441,385
2017-09-28,497.88981062705318,328
2017-09-29,499.9264340036766,410
2017-09-30,0.0,
2017-10-01,0.0,
2017-10-02,594.613497415317,245
2017-10-03,586.05810053641,458
2017-10-04,586.100957679267,448
2017-10-05,586.87172416768067,436
2017-10-06,582.75960073365172,496
2017-10-07,0.0,
2017-10-08,0.0,
2017-10-09,565.62197879001474,666
2017-10-10,565.25531212334806,373
2017-10-11,561.93497560184232,521
2017-10-12,561.86644413331089,407
2017-10-13,571.76644413331087,383
2017-10-14,0.0,
2017-10-15,0.0,
2017-10-16,575.41387894454681,473
2017-10-17,561.09285484717668,546
2017-10-18,558.54957297181932,439
2017-10-19,558.54687850134133,369
2017-10-20,608.3993896375481,630
2017-10-21,0.0,
2017-10-22,0.0,
2017-10-23,558.64740345360042,96
2017-10-24,557.99788630408318,463
2017-10-25,569.8759118134891,220
2017-10-26,570.80386070476413,540
2017-10-27,573.60850358765617,369
2017-10-28,0.0,
2017-10-29,0.0,
2017-10-30,584.41408464710662,425
2017-10-31,497.82310164536659,633
2017-11-01,824.29333546556325,413
2017-11-02,799.07355674844644,331
2017-11-03,801.09840523329513,605
2017-11-04,0.0,
2017-11-05,0.0,
2017-11-06,783.25983162685861,699
2017-11-07,789.97530781733508,535
2017-11-08,791.96419670622367,478
2017-11-09,793.17473175343378,546
2017-11-10,805.81503478373679,798
2017-11-11,0.0,
2017-11-12,0.0,
2017-11-13,802.54900960492535,515
2017-11-14,803.92249445341031,376
2017-11-15,936.18080163671732,513
2017-11-16,782.48401232618846,670
2017-11-17,795.13196554256285,519
2017-11-18,0.0,343
2017-11-19,0.0,
2017-11-20,808.81080578237879,856
2017-11-21,796.3608626623693,553
2017-11-22,802.89069459514235,468
2017-11-23,781.6478374522851,
2017-11-24,785.06450411895185,523
2017-11-25,0.0,633
2017-11-26,0.0,
2017-11-27,769.96410617431184,713
2017-11-28,772.37404769477962,808
2017-11-29,769.63287122419149,474
2017-11-30,783.84515920946819,575
2017-12-01,807.45645368003375,482
2017-12-02,0.0,348
2017-12-03,0.0,
2017-12-04,785.88074932979453,553
2017-12-05,786.07197168467542,511
2017-12-06,797.63223142493507,394
2017-12-07,799.97715205985571,566
2017-12-08,809.87598598120712,816
2017-12-09,0.0,960
2017-12-10,0.0,
2017-12-11,832.75012205337976,608
2017-12-12,830.963455386713,879
2017-12-13,836.20601831577483,602
2017-12-14,832.07873107049977,595
2017-12-15,875.83535187681855,892
2017-12-16,0.0,708
2017-12-17,0.0,
2017-12-18,619.28465072165523,781
2017-12-19,619.25624408863428,919
2017-12-20,624.40345060869356,747
2017-12-21,621.82619890637761,754
2017-12-22,619.67455055472931,810
2017-12-23,0.0,883
2017-12-24,0.0,
2017-12-25,592.16564735421525,
2017-12-26,579.01894581776548,733
2017-12-27,578.82803672685634,1173
2017-12-28,579.02803672685639,1003
2017-12-29,579.294703393523,927
2017-12-30,0.0,
2017-12-31,0.0,
2018-01-01,430.30535799680541,
2018-01-02,408.57532186635245,890
2018-01-03,405.35614856653393,1604
2018-01-04,405.30160311198853,565
2018-01-05,411.10626680520636,790
2018-01-06,0.0,
2018-01-07,0.0,
2018-01-08,409.12354741201,518
2018-01-09,408.75495766842027,337
2018-01-10,410.92101539585906,205
2018-01-11,417.89836250370672,79
2018-01-12,418.06159688836965,
2018-01-13,0.0,
2018-01-14,0.0,
2018-01-15,723.27147322742917,409
2018-01-16,648.712580498189,611
2018-01-17,660.76606753766055,433
2018-01-18,663.0874961090891,377
2018-01-19,668.73346707049484,1013
2018-01-20,0.0,
2018-01-21,0.0,
2018-01-22,698.49829151969527,794
2018-01-23,699.44856851168015,524
2018-01-24,683.96677209028837,502
2018-01-25,687.117193115678,536
2018-01-26,687.35613891754576,552
2018-01-27,0.0,
2018-01-28,0.0,
2018-01-29,662.93695553990869,425
2018-01-30,711.46704655368694,377
2018-01-31,596.87295670900062,763
2018-02-01,846.55182653659085,328
2018-02-02,836.09863617033284,780
2018-02-03,0.0,
2018-02-04,0.0,
2018-02-05,821.0143601245461,557
2018-02-06,818.80906148689769,448
2018-02-07,820.55831972329372,620
2018-02-08,824.72152318649717,629
2018-02-09,848.43858881742631,628
2018-02-10,0.0,
2018-02-11,0.0,
2018-02-12,846.04587458621711,403
2018-02-13,847.80294063058159,915
2018-02-14,859.33862962524836,493
2018-02-15,1051.088752236901,525
2018-02-16,901.40474457851383,637
2018-02-17,0.0,646
2018-02-18,0.0,
2018-02-19,893.91591750122461,634
2018-02-20,899.77057033701772,515
2018-02-21,893.464943935178,501
2018-02-22,900.31424047197447,729
2018-02-23,924.95803371576778,764
2018-02-24,0.0,597
2018-02-25,0.0,
2018-02-26,919.26265292773439,448
2018-02-27,918.94401062232737,559
2018-02-28,976.87187410237573,448
2018-03-01,1076.7926912503187,945
2018-03-02,1025.8240403104876,1582
2018-03-03,0.0,555
2018-03-04,0.0,
2018-03-05,1010.8835224495184,485
2018-03-06,1000.045426562397,564
2018-03-07,1001.1630711568916,610
2018-03-08,998.51727444832886,563
2018-03-09,1006.8891583614352,393
2018-03-10,0.0,762
2018-03-11,0.0,
2018-03-12,995.18086681004024,540
2018-03-13,994.83336119456294,619
2018-03-14,1000.0604499186156,1083
2018-03-15,1087.4806988528433,1085
2018-03-16,875.19299418763444,968
2018-03-17,0.0,609
2018-03-18,0.0,
2018-03-19,846.23913926346086,984
2018-03-20,850.50226614262033,1012
2018-03-21,852.27758690850192,844
2018-03-22,880.68129556368137,1052
2018-03-23,897.59638879107945,538
2018-03-24,0.0,651
2018-03-25,0.0,
2018-03-26,868.60038348740306,847
2018-03-27,860.88538348740326,786
2018-03-28,856.51871682073659,1079
2018-03-29,852.03463907052992,891
2018-03-30,879.23877271596234,
2018-03-31,0.0,130
2018-04-01,0.0,
2018-04-02,687.66749840524039,566
2018-04-03,682.06781081213171,585
2018-04-04,673.26668688732366,571
2018-04-05,671.69158136861188,653
2018-04-06,693.78630420767308,414
2018-04-07,0.0,845
2018-04-08,0.0,
2018-04-09,670.47774960712286,499
2018-04-10,667.5749173342349,703
2018-04-11,663.188928215502,581
2018-04-12,663.188928215502,563
2018-04-13,678.37514185157977,760
2018-04-14,0.0,639
2018-04-15,0.0,
2018-04-16,554.318081634758,556
2018-04-17,520.86668836118315,522
2018-04-18,526.61430894668922,586
2018-04-19,529.799068631449,547
2018-04-20,544.54540314708,1330
2018-04-21,0.0,
2018-04-22,0.0,
2018-04-23,522.26659555674451,726
2018-04-24,520.57132410326631,693
2018-04-25,532.970421183027,1237
2018-04-26,542.53670668788936,977
2018-04-27,557.48289384550674,672
2018-04-28,0.0,
2018-04-29,0.0,
2018-04-30,573.97550769875477,476
2018-05-01,731.37237965607392,722
2018-05-02,636.54390446399873,374
2018-05-03,638.30335185605475,339
2018-05-04,634.66834333090571,535
2018-05-05,0.0,
2018-05-06,0.0,
2018-05-07,624.25480457022547,610
2018-05-08,621.33839076002118,494
2018-05-09,620.89765001928049,503
2018-05-10,620.83462319935711,739
2018-05-11,620.4032531591198,578
2018-05-12,0.0,435
2018-05-13,0.0,
2018-05-14,620.45515235782159,642
2018-05-15,809.17557779532683,510
2018-05-16,702.6439607866605,402
2018-05-17,711.19087253287194,612
2018-05-18,756.404362441121,899
2018-05-19,0.0,321
2018-05-20,0.0,
2018-05-21,771.431235391025,513
2018-05-22,774.95035057408745,529
2018-05-23,778.48822378564478,696
2018-05-24,782.53863804884691,507
2018-05-25,790.15662728888674,729
2018-05-26,0.0,544
2018-05-27,0.0,
2018-05-28,798.0449164050824,
2018-05-29,803.94709451371227,636
2018-05-30,842.82808095206633,289
2018-05-31,783.04916377820064,1354
2018-06-01,1049.5680785937682,1055
2018-06-02,0.0,919
2018-06-03,0.0,
2018-06-04,1022.1249976663486,394
2018-06-05,1032.5945548312084,613
2018-06-06,1029.9467668401567,731
2018-06-07,1028.0099458712702,712
2018-06-08,1035.5025547456066,389
2018-06-09,0.0,817
2018-06-10,0.0,
2018-06-11,1041.1292467666754,1043
2018-06-12,1039.115531961922,556
2018-06-13,1023.3158816056996,668
2018-06-14,1030.4909181919202,919
2018-06-15,1216.737107834673,760
2018-06-16,0.0,876
2018-06-17,0.0,
2018-06-18,987.38119739567674,660
2018-06-19,969.01625913882674,980
2018-06-20,980.47176634379355,942
2018-06-21,978.07735120461962,1102
2018-06-22,976.97125335549322,619
2018-06-23,0.0,986
2018-06-24,0.0,
2018-06-25,997.43847523437012,994
2018-06-26,1004.296458109885,912
2018-06-27,1146.1552740687009,701
2018-06-28,1150.3104126385017,347
2018-06-29,1000.8247559429059,1400
2018-06-30,0.0,552
2018-07-01,0.0,
2018-07-02,1112.0435227666969,451
2018-07-03,1108.9023611505354,503
2018-07-04,1099.5646988128731,
2018-07-05,1095.0738642168021,426
2018-07-06,1092.831098269419,796
2018-07-07,0.0,594
2018-07-08,0.0,
2018-07-09,1068.7581182137874,7
2018-07-10,1078.49190320073,212
2018-07-11,1070.9078385912796,612
2018-07-12,1076.6588894855172,598
2018-07-13,1088.5299111109505,894
2018-07-14,0.0,
2018-07-15,0.0,
2018-07-16,948.17913590668775,755
2018-07-17,905.97501816942247,627
2018-07-18,907.28248570189,607
2018-07-19,909.18218990552054,894
2018-07-20,927.29852572066693,887
2018-07-21,0.0,
2018-07-22,0.0,
2018-07-23,912.3098673260921,962
2018-07-24,904.6870911775095,951
2018-07-25,922.63287207104986,934
2018-07-26,924.34272569781535,721
2018-07-27,928.16442801510584,1041
2018-07-28,0.0,
2018-07-29,0.0,
2018-07-30,933.17813858805857,464
2018-07-31,873.70475466728521,1015
2018-08-01,1106.2194108937585,1069
2018-08-02,1067.8814775041378,1024
2018-08-03,1070.76583232203,912
2018-08-04,0.0,1740
2018-08-05,0.0,
2018-08-06,1063.9689061403417,605
2018-08-07,1060.5197344519684,1078
2018-08-08,1060.2993951138869,695
2018-08-09,1058.9053558076157,1237
2018-08-10,1070.6815739333977,861
2018-08-11,0.0,
2018-08-12,0.0,
2018-08-13,1069.5412473894405,702
2018-08-14,1070.0245222541107,629
2018-08-15,1162.0239369078431,1194
2018-08-16,984.21594019293457,806
2018-08-17,982.30675819639634,1073
2018-08-18,0.0,669
2018-08-19,0.0,
2018-08-20,992.097878954159,1954
2018-08-21,991.07003888762313,641
2018-08-22,994.98829285587715,522
2018-08-23,997.95503117017631,1149
2018-08-24,1002.9405785324186,878
2018-08-25,0.0,
2018-08-26,0.0,
2018-08-27,992.08361101456671,1110
2018-08-28,995.6802400836242,700
2018-08-29,1002.5111854823115,814
2018-08-30,1028.5212838398365,552
2018-08-31,934.132748586296,438
2018-09-01,0.0,521
2018-09-02,0.0,
2018-09-03,965.70480571829876,
2018-09-04,1538.9840280659994,1017
2018-09-05,1539.2917785141108,883
2018-09-06,978.23625266740817,887
2018-09-07,994.94884670185365,1072
2018-09-08,0.0,1019
2018-09-09,0.0,
2018-09-10,985.60593509480191,780
2018-09-11,991.1551874482634,1030
2018-09-12,992.38852078159664,1908
2018-09-13,982.3238879216949,1104
2018-09-14,998.01101701687,1433
2018-09-15,0.0,707
2018-09-16,0.0,
2018-09-17,909.68316996723638,1083
2018-09-18,905.52978691139424,539
2018-09-19,896.51405711349912,1007
2018-09-20,919.03077790630914,911
2018-09-21,859.59116067509717,1026
2018-09-22,0.0,400
2018-09-23,0.0,
2018-09-24,848.00434126361813,718
2018-09-25,864.96068384470345,657
2018-09-26,894.78964503146744,1083
2018-09-27,829.65088101243771,959
2018-09-28,844.20239616395281,1866
2018-09-29,0.0,
2018-09-30,0.0,
2018-10-01,848.00350457483762,767
2018-10-02,792.97112541543322,753
2018-10-03,788.66367835861729,1185
2018-10-04,784.134454614325,1186
2018-10-05,793.18683171544683,893
2018-10-06,0.0,
2018-10-07,0.0,
2018-10-08,793.94331557531518,514
2018-10-09,789.46039609252853,570
2018-10-10,798.07286505435343,1029
2018-10-11,798.55796667099207,878
2018-10-12,816.74673734752378,914
2018-10-13,0.0,
2018-10-14,0.0,
2018-10-15,1221.3345639534398,613
2018-10-16,1014.7608693076621,1108
2018-10-17,1016.2926920558364,766
2018-10-18,1011.3354393663832,659
2018-10-19,1016.8039414198852,769
2018-10-20,0.0,
2018-10-21,0.0,
2018-10-22,1000.3858859540959,522
2018-10-23,1017.0117495832203,482
2018-10-24,1022.726035297506,680
2018-10-25,934.27040094647691,872
2018-10-26,942.49052598840524,770
2018-10-27,0.0,
2018-10-28,0.0,
2018-10-29,976.434421043622,915
2018-10-30,1013.3147611827962,566
2018-10-31,862.26747920621369,541
2018-11-01,1313.8119216136035,930
2018-11-02,1303.118316730337,1316
2018-11-03,0.0,
2018-11-04,0.0,85
2018-11-05,1301.5750096362594,458
2018-11-06,1279.2863177963627,830
2018-11-07,1261.2386987487437,535
2018-11-08,1263.6084444529542,515
2018-11-09,1271.4956418768938,394
2018-11-10,0.0,
2018-11-11,0.0,88
2018-11-12,1439.3965276565734,366
2018-11-13,1418.4282232556602,389
2018-11-14,1424.9591198504745,283
2018-11-15,1669.0698459627629,456
2018-11-16,1508.7881177156703,449
2018-11-17,0.0,
2018-11-18,0.0,
2018-11-19,1520.4124857008658,942
2018-11-20,1537.1966910782432,1240
2018-11-21,1532.6738420948684,1338
2018-11-22,1372.4142721566097,869
2018-11-23,1372.4610975534351,1509
2018-11-24,0.0,290
2018-11-25,0.0,845
2018-11-26,1384.1485779880363,1399
2018-11-27,1383.9409932323392,832
2018-11-28,1386.6417798711054,725
2018-11-29,1396.2965325109387,1318
2018-11-30,1415.8533513502134,1375
2018-12-01,0.0,778
2018-12-02,0.0,635
2018-12-03,1287.0670834071348,499
2018-12-04,1276.4918639724815,1399
2018-12-05,1280.4102047151162,1060
2018-12-06,1272.380829736351,919
2018-12-07,1278.2705122760335,962
2018-12-08,0.0,
2018-12-09,0.0,305
2018-12-10,1337.1708131772639,957
2018-12-11,1337.5623175062681,550
2018-12-12,1338.9456841396347,1137
2018-12-13,1340.3368519149487,1020
2018-12-14,1380.148035176132,1371
2018-12-15,0.0,
2018-12-16,0.0,
2018-12-17,1145.5442182348352,920
2018-12-18,1056.9217190809827,891
2018-12-19,1063.2274995650241,1394
2018-12-20,1099.0215733205589,1485
2018-12-21,1093.3915974794972,1065
2018-12-22,0.0,
2018-12-23,0.0,334
2018-12-24,1038.8863265536652,372
2018-12-25,1027.7494198069371,
2018-12-26,1006.32174197859,1011
2018-12-27,1006.0492852686333,900
2018-12-28,1008.9588307231788,1087
2018-12-29,0.0,
2018-12-30,0.0,
2018-12-31,868.83560270629,454
2019-01-01,929.14043660867537,
2019-01-02,919.01498114672938,1024
2019-01-03,906.64344594173826,936
2019-01-04,897.72721185843545,1211
2019-01-05,0.0,
2019-01-06,0.0,
2019-01-07,906.75461381483831,1348
2019-01-08,899.65582046259658,1053
2019-01-09,902.20582046259653,1321
2019-01-10,916.45357526627242,958
2019-01-11,920.51993380968986,1218
2019-01-12,0.0,
2019-01-13,0.0,223
2019-01-14,923.50697153455656,1064
2019-01-15,1169.7036137679997,1083
2019-01-16,1069.2302539848556,1080
2019-01-17,1072.5847994394012,1058
2019-01-18,1075.3089711867992,1046
2019-01-19,0.0,
2019-01-20,0.0,
2019-01-21,1092.04511797656,574
2019-01-22,1091.8736894051315,908
2019-01-23,1095.3517788383201,597
2019-01-24,1096.4195257731596,809
2019-01-25,1119.3567052603389,1149
2019-01-26,0.0,
2019-01-27,0.0,
2019-01-28,1114.6503525503929,540
2019-01-29,1114.3628100682647,1003
2019-01-30,1194.4305285405328,1523
2019-01-31,1074.2676425842496,1631
2019-02-01,1527.1520800081792,1973
2019-02-02,0.0,
2019-02-03,0.0,
2019-02-04,1499.0606790932775,1937
2019-02-05,1498.4206069091265,1738
2019-02-06,1498.5206069091264,1854
2019-02-07,1510.7129426571705,2316
2019-02-08,1534.8028106695929,2198
2019-02-09,0.0,
2019-02-10,0.0,
2019-02-11,1537.6147330354436,2376
2019-02-12,1555.0680065734996,1140
2019-02-13,1546.4708685263615,1010
2019-02-14,1546.5007842985738,470
2019-02-15,1781.4418098652209,960
2019-02-16,0.0,
2019-02-17,0.0,1204
2019-02-18,1549.9555035854964,938
2019-02-19,1541.8277712268077,1198
2019-02-20,1542.5111045601413,1306
2019-02-21,1538.800555752224,982
2019-02-22,1541.5565153481837,1064
2019-02-23,0.0,
2019-02-24,0.0,562
2019-02-25,1547.7067700885702,1636
2019-02-26,1536.3965078890838,1393
2019-02-27,1533.9965078890839,735
2019-02-28,1569.0882737922714,633
2019-03-01,1594.1777798845428,1027
2019-03-02,0.0,
2019-03-03,0.0,531
2019-03-04,1468.7441881630316,1084
2019-03-05,1466.2477537503673,1422
2019-03-06,1450.6184040046041,1040
2019-03-07,1454.1335555197556,1274
2019-03-08,1447.4223001085004,1512
2019-03-09,0.0,
2019-03-10,0.0,363
2019-03-11,1444.9919790536876,1035
2019-03-12,1445.2980901647986,970
2019-03-13,1438.5796035747605,1125
2019-03-14,1436.8951315250711,629
2019-03-15,1532.0492453041973,529
2019-03-16,0.0,
2019-03-17,0.0,276
2019-03-18,1217.851644598077,799
2019-03-19,1213.7553808618134,452
2019-03-20,1227.7129124107244,404
2019-03-21,1224.2381998744427,838
2019-03-22,1231.138066498429,778
2019-03-23,0.0,690
2019-03-24,0.0,396
2019-03-25,1236.0920913023838,714
2019-03-26,1226.4614354502994,629
2019-03-27,1226.6614354502995,833
2019-03-28,1226.8833866698117,1033
2019-03-29,1220.1530631032178,827
2019-03-30,0.0,
2019-03-31,0.0,709
2019-04-01,1052.8650961004669,1635
2019-04-02,1020.8087300865634,989
2019-04-03,1027.0930658848974,1089
2019-04-04,1019.9241264909582,1479
2019-04-05,1022.1811423900167,1967
2019-04-06,0.0,
2019-04-07,0.0,
2019-04-08,1007.2501219286411,1714
2019-04-09,995.75260640069075,1586
2019-04-10,992.137307515179,1435
2019-04-11,990.59337421130761,1330
2019-04-12,988.30237118761511,1201
2019-04-13,0.0,
2019-04-14,0.0,
2019-04-15,1077.696311338728,1733
2019-04-16,608.3228692877218,1606
2019-04-17,600.908399181546,1623
2019-04-18,597.53487489096108,1487
2019-04-19,611.531211887298,855
2019-04-20,0.0,59
2019-04-21,0.0,
2019-04-22,608.943210079895,820
2019-04-23,608.12745916414417,845
2019-04-24,618.11513361210223,353
2019-04-25,632.51622023365621,1014
2019-04-26,660.00307023705238,570
2019-04-27,0.0,
2019-04-28,0.0,
2019-04-29,662.5761126712589,776
2019-04-30,702.08312539863982,676
2019-05-01,923.54611272700731,950
2019-05-02,920.46755814697678,588
2019-05-03,941.81044979639,1000
2019-05-04,0.0,2
2019-05-05,0.0,
2019-05-06,952.50851689747674,739
2019-05-07,980.39194943715927,1190
2019-05-08,1031.180184731277,1069
2019-05-09,1026.0667231928153,851
2019-05-10,1027.9758141019063,956
2019-05-11,0.0,
2019-05-12,0.0,
2019-05-13,1041.189255444513,1043
2019-05-14,1043.609616920143,895
2019-05-15,1283.1031484223972,1027
2019-05-16,1076.3914299066148,904
2019-05-17,1074.7521441923291,470
2019-05-18,0.0,
2019-05-19,0.0,
2019-05-20,1069.4707114430325,976
2019-05-21,1085.1081541005512,454
2019-05-22,1055.3765930145782,1253
2019-05-23,1053.1432596812451,1524
2019-05-24,1045.6487218661191,1353
2019-05-25,0.0,
2019-05-26,0.0,
2019-05-27,1066.753359578471,
2019-05-28,1065.9024933969031,1460
2019-05-29,1067.5705954702685,1640
2019-05-30,1121.8708080574586,1445
2019-05-31,1035.1879061634224,926
2019-06-01,0.0,
2019-06-02,0.0,
2019-06-03,1286.0233057368214,1313
2019-06-04,1267.0957475462196,1459
2019-06-05,1272.2829659851927,861
2019-06-06,1271.9587638575331,924
2019-06-07,1271.3073696199067,558
2019-06-08,0.0,
2019-06-09,0.0,
2019-06-10,1329.1225267927828,1171
2019-06-11,1325.5589960146178,1182
2019-06-12,1341.3435628116715,1054
2019-06-13,1341.2281781962868,977
2019-06-14,1357.556383112528,1024
2019-06-15,0.0,
2019-06-16,0.0,
2019-06-17,1268.9745633701245,1727
2019-06-18,1258.2399024754636,1698
2019-06-19,1262.8812881059625,837
2019-06-20,1275.5178299281463,
2019-06-21,1281.3963780825011,1
2019-06-22,0.0,
2019-06-23,0.0,
2019-06-24,1236.9249328310132,
2019-06-25,1257.5087028558814,12
2019-06-26,1256.7061533327706,904
2019-06-27,1250.4012784974609,45
2019-06-28,1251.8848753354057,
2019-06-29,0.0,
2019-06-30,0.0,
2019-07-01,1251.9244000674216,1427
2019-07-02,1151.2822793883358,1109
2019-07-03,1156.1412290351805,1407
2019-07-04,1154.4333493286649,853
2019-07-05,1157.7948538643977,1057
2019-07-06,0.0,
2019-07-07,0.0,517
2019-07-08,1152.1573574165432,991
2019-07-09,1129.4813419487862,844
2019-07-10,1144.8401193782531,787
2019-07-11,1136.7233123405956,1151
2019-07-12,1178.3062391698641,1179
2019-07-13,0.0,658
2019-07-14,0.0,727
2019-07-15,1422.8349016710508,1024
2019-07-16,1199.4819778629148,1080
2019-07-17,1206.8392469155947,1110
2019-07-18,1218.620281264697,1591
2019-07-19,1217.2655193599351,1109
2019-07-20,0.0,1045
2019-07-21,0.0,620
2019-07-22,1224.0968044164908,1476
2019-07-23,1216.9439475458985,958
2019-07-24,1217.4010904030413,992
2019-07-25,1293.9962309774919,1488
2019-07-26,1297.2090539439992,881
2019-07-27,0.0,295
2019-07-28,0.0,
2019-07-29,1248.4581328072638,
2019-07-30,1282.3937816295811,
2019-07-31,1210.7243523351838,
2019-08-01,1388.0465660475243,
2019-08-02,1375.886973098306,
2019-08-03,0.0,
2019-08-04,0.0,
2019-08-05,1377.6481639783408,
2019-08-06,1354.9828640460421,
2019-08-07,1355.7494845190654,
2019-08-08,1355.7670123812741,
2019-08-09,1350.1652996013006,
2019-08-10,0.0,
2019-08-11,0.0,
2019-08-12,1336.8749240472916,
2019-08-13,1343.1327018250695,
2019-08-14,1335.3845777184852,
2019-08-15,1453.6480235252079,
2019-08-16,1259.9253724148803,
2019-08-17,0.0,
2019-08-18,0.0,
2019-08-19,1254.7579435607677,
2019-08-20,1256.956644859469,
2019-08-21,1245.8681559072236,
2019-08-22,1245.2681559072237,
2019-08-23,1236.9604635995313,
2019-08-24,0.0,
2019-08-25,0.0,
2019-08-26,1239.930717768241,
2019-08-27,1239.3478606253839,
2019-08-28,1239.247860625384,
2019-08-29,1238.7145272920507,
2019-08-30,1250.9654929081842,
2019-08-31,0.0,
2019-09-01,0.0,
2019-09-02,1230.7737514232203,
2019-09-03,1230.8098625343318,
2019-09-04,1224.7252248531722,
2019-09-05,1224.9161339440814,
2019-09-06,1222.5746484368349,
2019-09-07,0.0,
2019-09-08,0.0,
2019-09-09,1231.8451222324086,
2019-09-10,1227.5987781463871,
2019-09-11,1227.3053308529397,
2019-09-12,1227.0853308529397,
2019-09-13,1222.563591722505,
2019-09-14,0.0,
2019-09-15,0.0,
2019-09-16,972.64352667543312,
2019-09-17,941.43378901830818,
2019-09-18,926.21114915816827,
2019-09-19,926.21114915816827,
2019-09-20,925.87114915816835,
2019-09-21,0.0,
2019-09-22,0.0,
2019-09-23,883.0145425771077,
2019-09-24,882.95739971996477,
2019-09-25,896.40890634972789,
2019-09-26,888.28998825632721,
2019-09-27,888.28998825632721,
2019-09-28,0.0,
2019-09-29,0.0,
2019-09-30,920.60353509705362,
2019-10-01,1002.5203100726327,
2019-10-02,992.05111647553213,
2019-10-03,993.76623469065044,
2019-10-04,994.59321143483658,
2019-10-05,0.0,
2019-10-06,0.0,
2019-10-07,984.36543024361276,
2019-10-08,953.38121307189556,
2019-10-09,948.78941697472317,
2019-10-10,954.84740438331687,
2019-10-11,952.68323492210527,
2019-10-12,0.0,
2019-10-13,0.0,
2019-10-14,951.5853939652136,
2019-10-15,1226.0815345521803,
2019-10-16,919.27594116478463,
2019-10-17,918.60084329987717,
2019-10-18,911.80286350189749,
2019-10-19,0.0,
2019-10-20,0.0,
2019-10-21,911.23128189379361,
2019-10-22,908.32390611739618,
2019-10-23,908.32390611739618,
2019-10-24,908.32390611739618,
2019-10-25,911.44908030914632,
2019-10-26,0.0,
2019-10-27,0.0,
2019-10-28,909.37953192349926,
2019-10-29,909.37953192349926,
2019-10-30,975.850770509993,
2019-10-31,800.65299426506408,
2019-11-01,1264.7140817476229,
2019-11-02,0.0,
2019-11-03,0.0,
2019-11-04,1265.9674317833142,
2019-11-05,1265.9674317833142,
2019-11-06,1265.9674317833142,
2019-11-07,1268.4311222595049,
2019-11-08,1268.7711222595049,
2019-11-09,0.0,
2019-11-10,0.0,
2019-11-11,1270.1017415132094,
2019-11-12,1270.1017415132094,
2019-11-13,1268.9017415132093,
2019-11-14,1282.2848583963262,
2019-11-15,1523.6638640059452,
2019-11-16,0.0,
2019-11-17,0.0,
2019-11-18,1392.6485925937793,
2019-11-19,1392.5485925937792,
2019-11-20,1395.4605521942563,
2019-11-21,1395.4605521942563,
2019-11-22,1395.4605521942563,
2019-11-23,0.0,
2019-11-24,0.0,
2019-11-25,1394.2246135737682,
2019-11-26,1369.545228820853,
2019-11-27,1369.5665054165977,
2019-11-28,1369.2937781438704,
2019-11-29,1370.4676911873487,
2019-11-30,0.0,
2019-12-01,0.0,
2019-12-02,1117.2301816497468,
2019-12-03,1119.6636599106164,
2019-12-04,1119.6081043550607,
2019-12-05,1126.9064808359733,
2019-12-06,1122.0559920493142,
2019-12-07,0.0,
2019-12-08,0.0,
2019-12-09,1108.1798015731238,
2019-12-10,1108.9016681259761,
2019-12-11,1102.86652202208,
2019-12-12,1102.3595775776357,
2019-12-13,1100.541395759454,
2019-12-14,0.0,
2019-12-15,0.0,
2019-12-16,821.68625001985913,
2019-12-17,809.829655709162,
2019-12-18,810.10238298188926,
2019-12-19,810.10238298188926,
2019-12-20,810.10238298188926,
2019-12-21,0.0,
2019-12-22,0.0,
2019-12-23,804.30234603607653,
2019-12-24,804.30234603607653,
2019-12-25,804.30234603607653,
2019-12-26,787.76795450168493,
2019-12-27,787.76795450168493,
2019-12-28,0.0,
2019-12-29,0.0,
2019-12-30,788.06197991392526,
2019-12-31,628.12538673682457,
2020-01-01,628.96054038710292,
2020-01-02,628.16984271268439,
2020-01-03,618.01832756116914,
2020-01-04,0.0,
2020-01-05,0.0,
2020-01-06,606.18182183426666,
2020-01-07,609.20322181793085,
2020-01-08,603.7549459558619,
2020-01-09,603.08827928919516,
2020-01-10,594.87696976538564,
2020-01-11,0.0,
2020-01-12,0.0,
2020-01-13,594.444796896238,
2020-01-14,590.37476888503352,
2020-01-15,594.45300585487621,
2020-01-16,448.64418095884935,
2020-01-17,448.38492169959,
2020-01-18,0.0,
2020-01-19,0.0,
2020-01-20,447.9776140072824,
2020-01-21,441.3004481048913,
2020-01-22,441.3004481048913,
2020-01-23,441.3004481048913,
2020-01-24,441.3004481048913,
2020-01-25,0.0,
2020-01-26,0.0,
2020-01-27,439.15939026623067,
2020-01-28,439.15939026623067,
2020-01-29,439.15939026623067,
2020-01-30,441.83796169480212,
2020-01-31,368.89062837903873,
2020-02-01,0.0,
2020-02-02,0.0,
