date_est,OUT_CUST_UNITS,OUT_TO_UNITS,OUT_VR_UNITS,IN_CUST_UNITS,IN_PO_UNITS,IN_TO_UNITS,TTL_OUT_UNITS,TTL_IN_UNITS,TTL_ALL_UNITS,PO_Ordered
2016-03-06,237,,,,,,237,0,237,71
2016-03-09,289,12,21,199,450,45,322,694,1016,254
2016-05-21,199,1,,302,,,200,302,502,176
2016-09-09,429,204,29,419,339,10,662,768,1430,312
2016-09-12,215,308,,179,359,58,523,596,1119,39
2016-09-16,333,30,26,126,514,162,389,802,1191,303
2016-09-24,328,25,1,2,4,,354,6,360,2976
2016-11-20,287,,,51,,,287,51,338,
2016-12-06,513,34,1,398,578,25,548,1001,1549,698
2017-01-22,294,,,,,,294,0,294,11
2017-03-29,621,94,,318,1091,159,715,1568,2283,1001
2017-11-17,700,42,29,168,519,205,771,892,1663,470
2018-01-09,649,70,1,479,337,144,720,960,1680,418
2018-02-11,581,,,,,,581,0,581,73
2018-06-11,562,43,,462,1043,112,605,1617,2222,1010
2018-07-02,621,25,,141,451,,646,592,1238,3043
2018-08-23,492,121,4,364,1149,111,617,1624,2241,846
2018-10-27,342,62,,3,,,404,3,407,224
2018-12-10,858,74,2,765,957,5,934,1727,2661,451
2018-12-23,724,33,,306,334,,757,640,1397,
2019-05-02,1111,103,22,776,588,262,1236,1626,2862,347
2019-05-08,1017,141,1,1637,1069,45,1159,2751,3910,998
2019-07-12,1548,60,41,1144,1179,67,1649,2390,4039,4780
2016-01-19,178,45,,296,391,1,223,688,911,94
2016-02-21,126,,,,,,126,0,126,
2016-03-21,217,,,148,661,25,217,834,1051,76
2016-03-27,130,,,,,,130,0,130,
2016-05-14,170,,3,3,,,173,3,176,
2016-06-26,229,,,,,,229,0,229,83
2016-07-27,379,89,,113,370,141,468,624,1092,310
2016-10-27,372,130,4,662,716,133,506,1511,2017,308
2016-11-26,480,,68,460,642,41,548,1143,1691,274
2016-12-25,699,,,,,,699,0,699,
2017-03-17,334,133,,337,472,116,467,925,1392,606
2017-06-20,567,75,,378,472,47,642,897,1539,304
2017-07-11,487,41,,712,610,47,528,1369,1897,648
2017-07-20,628,80,2,318,595,9,710,922,1632,260
2017-08-01,434,62,18,288,614,68,514,970,1484,1666
2017-08-03,518,115,20,287,573,181,653,1041,1694,936
2017-09-06,382,118,20,329,593,143,520,1065,1585,159
2017-09-13,197,51,3,718,341,207,251,1266,1517,83
2017-09-16,656,47,,,,,703,0,703,83
2017-09-24,313,,,,,,313,0,313,7
2017-11-06,1168,142,62,235,699,56,1372,990,2362,1219
2017-11-13,1207,51,,133,515,18,1258,666,1924,506
2018-03-14,586,104,38,739,1083,86,728,1908,2636,2157
2018-04-03,536,328,85,450,585,100,949,1135,2084,269
2018-05-17,1039,208,92,961,612,121,1339,1694,3033,245
2018-06-20,1009,263,2,670,942,102,1274,1714,2988,4845
2018-09-06,667,196,2,409,887,58,865,1354,2219,244
2019-04-20,1037,77,,345,59,14,1114,418,1532,
2016-01-23,246,62,,29,,,308,29,337,7
2016-02-02,123,121,,454,160,48,244,662,906,30
2016-05-01,111,77,,,,,188,0,188,
2016-05-02,246,95,,744,453,,341,1197,1538,430
2016-06-11,355,,,12,,,355,12,367,258
2016-09-07,224,124,,238,679,81,348,998,1346,96
2016-10-20,245,103,,177,152,87,348,416,764,851
2016-11-21,446,16,112,270,422,10,574,702,1276,62
2016-12-29,439,143,,228,1027,,582,1255,1837,65
2016-12-30,505,6,116,123,185,69,627,377,1004,67
2017-04-05,600,83,1,315,390,129,684,834,1518,321
2017-09-23,448,10,,2,547,,458,549,1007,106
2017-11-12,475,,,,,,475,0,475,
2018-02-25,301,,,,,,301,0,301,11
2018-03-08,450,40,,227,563,120,490,910,1400,743
2018-03-15,721,200,,773,1085,,921,1858,2779,1805
2018-04-18,714,205,,648,586,128,919,1362,2281,235
2018-07-28,643,75,,7,,,718,7,725,40
2018-08-19,393,,,,,,393,0,393,
2018-09-09,610,,,,,,610,0,610,
2018-09-21,299,116,1,491,1026,259,416,1776,2192,1994
2018-12-08,893,98,,535,,,991,535,1526,917
2018-12-16,779,,,1660,,,779,1660,2439,44
2019-02-10,735,,,,,,735,0,735,31
2019-06-06,1750,198,15,1680,924,66,1963,2670,4633,700
2016-03-17,336,84,,150,233,133,420,516,936,794
2016-05-30,251,,,,,,251,0,251,
2016-06-19,266,,,,,,266,0,266,
2016-06-27,248,5,,126,453,107,253,686,939,720
2016-07-24,155,,,,,,155,0,155,
2016-11-05,205,,1,,,,206,0,206,95
2017-01-03,285,6,,127,574,138,291,839,1130,46
2017-01-10,568,22,174,202,1121,85,764,1408,2172,332
2017-02-28,280,22,,159,523,90,302,772,1074,899
2017-03-04,388,1,,8,678,,389,686,1075,228
2017-03-06,533,42,,238,782,38,575,1058,1633,373
2017-04-17,447,18,,928,580,51,465,1559,2024,1147
2017-05-07,567,,,14,,,567,14,581,
2017-09-18,199,85,,348,633,30,284,1011,1295,210
2018-01-06,574,,7,52,,,581,52,633,313
2018-03-13,421,86,36,625,619,172,543,1416,1959,3185
2018-03-16,797,181,3,338,968,143,981,1449,2430,1446
2018-08-20,315,81,18,276,1954,10,414,2240,2654,379
2018-08-28,330,151,51,322,700,92,532,1114,1646,1094
2018-10-01,347,311,,348,767,254,658,1369,2027,2707
2018-11-19,1418,297,148,152,942,29,1863,1123,2986,987
2018-12-21,1120,37,207,1245,1065,57,1364,2367,3731,2742
2019-02-04,1146,104,,3,1937,94,1250,2034,3284,767
2019-03-22,602,117,10,652,778,12,729,1442,2171,1903
2019-05-22,2278,153,1,1568,1253,69,2432,2890,5322,2314
2019-07-06,1313,,,877,,1,1313,878,2191,2127
2016-02-24,982,32,6,292,396,48,1020,736,1756,442
2016-07-26,302,107,12,187,354,51,421,592,1013,227
2016-08-20,1072,3,,94,1246,55,1075,1395,2470,
2016-08-29,144,9,,47,608,5,153,660,813,
2016-09-13,375,190,,220,570,59,565,849,1414,132
2016-09-15,262,240,8,223,488,135,510,846,1356,263
2016-09-23,473,21,10,380,436,37,504,853,1357,844
2017-03-09,420,86,,282,426,134,506,842,1348,1209
2017-04-30,305,,,,,,305,0,305,
2017-08-23,741,67,1,354,850,155,809,1359,2168,41
2017-12-26,259,30,3,364,733,125,292,1222,1514,4
2017-12-30,666,,,314,,,666,314,980,249
2018-02-04,406,,,,,,406,0,406,
2018-04-04,718,281,,657,571,173,999,1401,2400,526
2018-12-15,826,170,1,46,,,997,46,1043,1287
2019-02-17,583,,,81,1204,24,583,1309,1892,
2019-05-31,1480,247,17,1873,926,188,1744,2987,4731,111
2019-06-05,1868,51,,1694,861,78,1919,2633,4552,1102
2019-07-09,1210,244,28,2022,844,188,1482,3054,4536,2963
2016-01-27,203,6,11,129,369,,220,498,718,108
2016-02-05,182,23,83,93,,,288,93,381,464
2016-03-02,320,69,36,149,219,36,425,404,829,492
2016-03-05,180,5,,106,,,185,106,291,364
2016-04-08,700,26,,194,680,16,726,890,1616,147
2016-09-02,389,77,4,276,425,,470,701,1171,164
2017-01-15,243,,,,,,243,0,243,
2017-02-16,423,206,51,340,254,121,680,715,1395,47
2017-04-16,179,77,,,,,256,0,256,1
2017-05-28,567,,,360,,,567,360,927,
2017-10-10,440,45,,506,373,53,485,932,1417,1704
2018-01-25,656,159,4,346,536,116,819,998,1817,760
2018-02-24,981,4,,,597,,985,597,1582,837
2018-04-08,528,,,,,,528,0,528,
2018-07-10,377,103,5,381,212,308,485,901,1386,1892
2018-08-11,576,,,,,,576,0,576,129
2018-09-01,359,22,,10,521,97,381,628,1009,190
2018-11-06,464,192,9,271,830,147,665,1248,1913,320
2018-12-18,800,158,62,1104,891,108,1020,2103,3123,1175
2019-02-27,454,241,26,307,735,2,721,1044,1765,1475
2019-03-05,519,72,2,57,1422,147,593,1626,2219,2224
2019-05-18,3057,29,43,388,,,3129,388,3517,256
2019-06-29,1268,16,51,65,,,1335,65,1400,1421
2016-01-16,152,67,,15,,,219,15,234,55
2016-05-15,151,,,,,,151,0,151,
2016-05-18,580,27,,267,398,15,607,680,1287,236
2016-06-09,344,34,,173,532,66,378,771,1149,489
2016-06-25,356,2,,5,,,358,5,363,2126
2016-07-10,135,,,,,,135,0,135,
2016-07-11,203,23,8,99,334,2,234,435,669,296
2016-07-16,256,110,,,,,366,0,366,172
2016-09-06,154,73,,203,459,,227,662,889,447
2016-09-25,173,,,,,,173,0,173,
2016-10-11,182,39,,290,362,30,221,682,903,1190
2016-11-09,2207,93,44,129,455,133,2344,717,3061,374
2016-12-15,644,31,1,367,669,161,676,1197,1873,1000
2016-12-18,607,,,140,,,607,140,747,
2017-01-07,708,89,,267,,,797,267,1064,610
2017-02-05,120,,,,,,120,0,120,
2017-03-07,363,41,25,290,532,60,429,882,1311,654
2017-07-05,489,283,8,212,539,40,780,791,1571,706
2017-08-15,707,31,6,166,874,123,744,1163,1907,549
2017-10-02,225,116,31,195,245,18,372,458,830,1029
2017-10-22,205,,,,,,205,0,205,73
2017-10-26,389,149,49,379,540,127,587,1046,1633,1512
2017-11-26,678,,,13,,,678,13,691,
2018-01-04,871,38,9,96,565,33,918,694,1612,226
2018-02-18,606,19,,,,,625,0,625,11
2018-04-09,588,118,85,233,499,154,791,886,1677,593
2018-05-13,640,,,43,,,640,43,683,
2018-06-15,826,237,17,546,760,60,1080,1366,2446,2173
2018-06-16,866,10,,888,876,,876,1764,2640,1646
2018-07-25,626,186,1,329,934,93,813,1356,2169,1157
2018-08-21,399,148,21,205,641,83,568,929,1497,421
2019-01-11,1123,152,55,715,1218,53,1330,1986,3316,545
2019-02-01,530,56,5,568,1973,28,591,2569,3160,4417
2019-02-15,536,236,27,566,960,34,799,1560,2359,1317
2019-04-26,632,63,,810,570,30,695,1410,2105,2065
2019-07-07,1147,,,280,517,108,1147,905,2052,
2016-01-04,235,1,,134,264,,236,398,634,73
2016-01-29,176,148,,152,288,,324,440,764,381
2016-02-22,141,,9,70,534,,150,604,754,63
2016-03-25,317,155,,3,,,472,3,475,326
2016-04-25,149,105,,302,145,25,254,472,726,243
2016-06-22,590,71,1,133,484,132,662,749,1411,514
2016-07-30,392,2,,4,,,394,4,398,305
2016-11-30,591,211,92,586,995,40,894,1621,2515,419
2017-04-03,523,90,12,209,819,93,625,1121,1746,343
2017-06-02,701,7,,636,473,9,708,1118,1826,197
2017-06-19,742,92,,160,674,,834,834,1668,333
2017-09-08,607,52,50,628,249,,709,877,1586,452
2017-09-30,268,,,,,,268,0,268,174
2017-10-18,508,91,12,497,439,80,611,1016,1627,854
2017-11-01,306,29,33,270,413,35,368,718,1086,454
2017-11-11,699,1,4,221,,,704,221,925,336
2017-11-19,450,,,,,,450,0,450,
2017-12-27,451,,1,1144,1173,211,452,2528,2980,87
2018-02-01,514,158,,444,328,69,672,841,1513,1104
2018-05-29,943,143,,351,636,194,1086,1181,2267,687
2018-07-01,1076,,,,,,1076,0,1076,531
2018-07-24,482,150,22,791,951,135,654,1877,2531,1190
2018-10-30,343,358,91,334,566,327,792,1227,2019,341
2019-01-01,460,,,122,,,460,122,582,
2019-02-21,1253,224,56,140,982,105,1533,1227,2760,1650
2019-06-07,1569,17,14,1124,558,83,1600,1765,3365,1023
2019-06-09,1587,,,5,,,1587,5,1592,19
2019-06-20,1992,132,10,773,,,2134,773,2907,1993
2016-01-03,208,,,,,,208,0,208,
2016-01-07,381,100,1,95,249,86,482,430,912,221
2016-04-19,207,27,3,196,321,,237,517,754,55
2016-04-30,201,,,,,,201,0,201,13
2016-06-14,513,80,,261,623,55,593,939,1532,867
2016-07-08,365,8,69,201,202,,442,403,845,705
2016-07-14,227,60,,155,289,59,287,503,790,375
2016-10-09,169,,,,,,169,0,169,
2016-12-19,462,65,30,117,408,56,557,581,1138,346
2017-01-28,278,11,26,119,,,315,119,434,196
2017-02-15,505,27,,549,490,91,532,1130,1662,377
2017-04-19,618,99,,1001,594,50,717,1645,2362,390
2017-04-26,405,66,32,793,339,103,503,1235,1738,117
2017-09-28,536,92,,337,328,77,628,742,1370,540
2018-05-27,1077,,,73,,,1077,73,1150,
2018-06-09,680,46,,471,817,1,726,1289,2015,339
2018-06-17,967,,,55,,,967,55,1022,
2019-06-12,1317,132,,1455,1054,71,1449,2580,4029,1083
2016-02-07,89,,,,,,89,0,89,10
2016-03-01,460,4,2,120,260,48,466,428,894,301
2016-07-12,259,14,,240,294,80,273,614,887,590
2016-08-17,460,63,50,25,580,120,573,725,1298,852
2017-02-10,366,258,4,42,408,55,628,505,1133,321
2017-06-15,755,163,,356,472,89,918,917,1835,1586
2017-07-10,424,23,25,644,500,74,472,1218,1690,228
2017-08-07,350,30,5,244,1211,139,385,1594,1979,134
2017-08-10,1372,339,26,213,1471,115,1737,1799,3536,141
2017-11-07,487,118,61,461,535,186,666,1182,1848,335
2018-01-13,321,,1,1,,,322,1,323,84
2018-03-21,792,236,56,719,844,61,1084,1624,2708,1512
2018-04-28,488,25,24,822,,,537,822,1359,421
2018-07-15,509,,,,,,509,0,509,
2018-07-29,504,,,,,,504,0,504,
2018-07-31,327,194,19,227,1015,170,540,1412,1952,280
2018-09-23,120,,,,,,120,0,120,62
2018-10-03,443,127,,425,1185,210,570,1820,2390,2325
2018-10-08,142,,,471,514,85,142,1070,1212,1845
2018-10-14,396,,,,,,396,0,396,313
2018-12-14,1004,473,8,333,1371,48,1485,1752,3237,2843
2019-01-15,770,266,89,1102,1083,137,1125,2322,3447,333
2019-02-18,513,77,44,90,938,32,634,1060,1694,1411
2019-03-13,725,239,,416,1125,75,964,1616,2580,2969
2019-03-26,425,208,15,614,629,52,648,1295,1943,1135
2019-05-12,400,,,23,,,400,23,423,
2019-06-17,1017,106,,1157,1727,2,1123,2886,4009,1041
2016-02-19,245,37,,152,283,2,282,437,719,227
2016-03-20,107,,,,,,107,0,107,
2016-04-28,258,35,26,484,231,155,319,870,1189,431
2016-05-31,373,30,,148,493,93,403,734,1137,34
2016-08-01,284,26,,83,389,39,310,511,821,71
2016-11-11,587,17,71,317,334,3,675,654,1329,275
2016-12-04,547,,,226,240,127,547,593,1140,
2017-01-25,469,184,8,678,179,112,661,969,1630,1033
2017-02-22,427,59,50,272,740,114,536,1126,1662,139
2017-04-02,409,,,15,,,409,15,424,
2017-05-21,397,,,6,,,397,6,403,7
2017-06-11,545,,,6,,,545,6,551,72
2017-07-24,363,144,,177,572,150,507,899,1406,715
2017-08-02,471,262,25,199,476,20,758,695,1453,516
2017-08-31,541,146,33,200,556,165,720,921,1641,1334
2017-11-18,499,19,204,23,343,51,722,417,1139,475
2018-01-15,340,,22,1,409,45,362,455,817,16
2018-01-22,412,318,16,125,794,16,746,935,1681,65
2018-01-23,615,77,33,479,524,174,725,1177,1902,2060
2018-02-08,588,47,,744,629,93,635,1466,2101,779
2018-05-26,1232,26,,1648,544,,1258,2192,3450,295
2018-06-13,1171,253,5,715,668,139,1429,1522,2951,797
2018-11-17,464,333,60,48,,,857,48,905,247
2018-11-26,1043,53,11,362,1399,130,1107,1891,2998,626
2018-12-02,908,,,899,635,,908,1534,2442,
2019-03-15,704,79,3,493,529,143,786,1165,1951,3440
2019-05-06,860,8,5,838,739,31,873,1608,2481,113
2019-06-08,1147,71,,744,,,1218,744,1962,352
2019-07-20,1673,2,,961,1045,13,1675,2019,3694,
2019-07-22,955,70,8,494,1474,60,1033,2028,3061,2102
2016-04-17,119,,,9,,,119,9,128,
2016-12-16,721,146,150,423,975,,1017,1398,2415,1340
2017-02-09,402,55,72,319,187,,529,506,1035,920
2017-04-12,496,101,,773,378,87,597,1238,1835,352
2017-06-03,513,18,,43,,,531,43,574,331
2017-07-17,286,6,22,55,474,21,314,550,864,470
2017-08-18,711,109,96,281,844,19,916,1144,2060,885
2017-09-15,546,137,,309,502,28,683,839,1522,440
2017-10-30,276,22,3,324,425,101,301,850,1151,592
2017-10-31,418,67,19,287,633,101,504,1021,1525,1215
2017-11-15,521,19,9,262,513,38,549,813,1362,436
2017-12-20,578,93,,370,747,142,671,1259,1930,2032
2018-06-24,686,,,,,,686,0,686,270
2018-06-26,507,164,1,295,912,177,672,1384,2056,1368
2018-08-22,859,248,69,254,522,153,1176,929,2105,804
2018-11-15,601,48,22,402,456,143,671,1001,1672,149
2018-12-09,883,,,301,305,,883,606,1489,146
2019-01-18,1166,105,4,584,1046,346,1275,1976,3251,903
2019-02-05,518,375,,624,1738,108,893,2470,3363,1564
2019-02-14,639,215,,332,470,134,854,936,1790,297
2019-04-02,710,131,,571,989,399,841,1959,2800,2143
2019-04-17,976,148,,471,1623,26,1124,2120,3244,223
2019-04-25,786,212,4,890,1014,87,1002,1991,2993,134
2019-07-01,921,30,,474,1427,166,951,2067,3018,2111
2016-02-01,89,,5,,494,28,94,522,616,289
2016-04-04,184,7,,139,299,68,191,506,697,49
2016-04-10,185,,,,,,185,0,185,
2016-04-23,134,,2,4,,,136,4,140,4
2016-07-21,482,151,18,83,356,,651,439,1090,118
2016-08-18,277,92,15,1,697,,384,698,1082,852
2016-09-05,136,58,1,,,,195,0,195,
2016-09-20,400,105,,311,567,263,505,1141,1646,168
2017-02-08,411,223,310,279,370,40,944,689,1633,349
2017-05-15,608,44,2,188,199,60,654,447,1101,242
2017-06-04,465,87,,315,,,552,315,867,
2017-06-24,691,2,,18,,,693,18,711,907
2017-07-13,529,102,,202,513,33,631,748,1379,682
2017-11-02,304,317,,721,331,50,621,1102,1723,675
2017-12-24,963,,,,,,963,0,963,
2018-01-20,573,24,,819,,,597,819,1416,598
2018-01-27,460,,16,117,,,476,117,593,1350
2018-02-22,499,233,24,732,729,5,756,1466,2222,593
2018-03-04,604,,,,,,604,0,604,29
2018-03-25,93,,,,,,93,0,93,62
2018-03-27,683,128,40,735,786,175,851,1696,2547,554
2018-04-19,555,193,44,368,547,142,792,1057,1849,193
2018-04-30,367,48,50,103,476,122,465,701,1166,313
2018-06-21,1001,56,4,595,1102,103,1061,1800,2861,3358
2018-08-18,460,19,,,669,,479,669,1148,3
2018-11-05,344,89,,311,458,201,433,970,1403,262
2018-11-21,1000,78,57,864,1338,33,1135,2235,3370,262
2018-11-29,1170,175,137,615,1318,82,1482,2015,3497,226
2018-12-17,689,28,48,443,920,73,765,1436,2201,619
2018-12-30,742,,,1,,,742,1,743,
2019-01-13,951,,,41,223,,951,264,1215,
2019-03-25,385,25,,350,714,47,410,1111,1521,454
2019-05-10,910,45,374,1626,956,79,1329,2661,3990,730
2019-06-30,1300,,,64,,,1300,64,1364,332
2016-02-29,227,5,,91,340,,232,431,663,34
2016-03-26,160,,1,,,,161,0,161,104
2016-04-02,229,,,,211,,229,211,440,112
2016-04-11,150,50,,246,131,84,200,461,661,489
2016-05-12,258,26,61,143,404,29,345,576,921,123
2016-08-11,318,101,8,111,401,14,427,526,953,628
2016-10-10,142,100,61,208,184,71,303,463,766,650
2016-11-24,592,3,,339,301,18,595,658,1253,200
2017-01-31,370,57,,320,216,41,427,577,1004,916
2017-05-04,3693,134,,1493,188,39,3827,1720,5547,320
2017-06-12,521,84,,78,315,93,605,486,1091,345
2017-08-21,291,48,10,333,619,115,349,1067,1416,117
2018-01-12,448,2,170,50,,,620,50,670,641
2018-03-29,413,129,16,1235,891,,558,2126,2684,1131
2018-06-10,862,,,25,,,862,25,887,1
2018-06-28,709,127,,139,347,,836,486,1322,1544
2018-08-24,411,71,10,225,878,74,492,1177,1669,808
2018-12-22,1044,23,,959,,,1067,959,2026,3148
2019-01-16,975,363,12,784,1080,159,1350,2023,3373,345
2019-04-23,646,223,3,633,845,115,872,1593,2465,199
2019-05-16,911,5,,2506,904,7,916,3417,4333,872
2019-06-18,2418,121,5,1764,1698,32,2544,3494,6038,2215
2016-03-08,215,44,16,265,538,43,275,846,1121,444
2016-05-11,521,82,60,686,218,186,663,1090,1753,179
2016-06-23,579,56,9,393,309,71,644,773,1417,711
2016-07-25,214,27,,191,331,112,241,634,875,85
2016-08-31,344,14,,180,435,174,358,789,1147,236
2016-10-16,199,,,,,,199,0,199,117
2017-01-02,143,,,,,,143,0,143,
2017-01-11,759,210,17,264,459,136,986,859,1845,314
2017-02-18,326,,,26,,,326,26,352,122
2017-07-30,313,,,,,,313,0,313,
2017-08-22,416,113,,274,957,53,529,1284,1813,981
2017-12-10,1193,,,579,,,1193,579,1772,
2018-02-27,437,159,12,473,559,151,608,1183,1791,1161
2018-03-03,682,39,33,53,555,,754,608,1362,353
2018-04-12,892,418,75,706,563,113,1385,1382,2767,346
2018-05-15,1132,281,,595,510,157,1413,1262,2675,144
2018-07-26,881,254,1,384,721,1,1136,1106,2242,464
2018-08-09,506,114,,433,1237,24,620,1694,2314,1134
2018-08-15,556,267,49,283,1194,220,872,1697,2569,920
2018-08-16,492,178,5,267,806,42,675,1115,1790,150
2018-09-02,422,,,,,,422,0,422,
2018-10-13,491,94,,4,,,585,4,589,1200
2018-11-24,1218,,,467,290,,1218,757,1975,2
2018-11-30,975,155,79,908,1375,90,1209,2373,3582,624
2018-12-26,992,10,,244,1011,99,1002,1354,2356,3
2019-02-07,609,198,26,577,2316,136,833,3029,3862,791
2016-01-11,203,34,,150,287,,237,437,674,16
2016-01-24,176,,,,,,176,0,176,
2016-05-07,401,,,,,,401,0,401,137
2016-07-13,300,89,,197,424,132,389,753,1142,68
2016-09-10,227,,,335,385,,227,720,947,289
2016-09-18,253,,,,,,253,0,253,
2016-10-30,238,,,,,,238,0,238,196
2016-11-19,495,52,10,419,583,10,557,1012,1569,200
2017-03-15,288,88,38,124,346,223,414,693,1107,1487
2017-06-16,707,122,,227,865,44,829,1136,1965,1942
2017-08-24,575,52,20,287,668,20,647,975,1622,274
2017-11-22,608,60,16,951,468,63,684,1482,2166,250
2018-01-16,496,38,57,278,611,,591,889,1480,70
2018-02-20,543,85,1,309,515,154,629,978,1607,627
2018-05-14,671,189,113,332,642,66,973,1040,2013,149
2018-05-18,913,181,2,409,899,101,1096,1409,2505,465
2018-06-22,869,87,1,520,619,174,957,1313,2270,3807
2018-07-04,798,7,,,,,805,0,805,1049
2018-07-07,630,,,,594,19,630,613,1243,1259
2019-01-31,532,202,27,16,1631,69,761,1716,2477,1529
2019-03-14,721,112,,529,629,202,833,1360,2193,2731
2019-04-19,763,195,47,980,855,209,1005,2044,3049,404
2019-04-29,4624,25,7,604,776,186,4656,1566,6222,357
2016-01-21,259,69,1,196,183,130,329,509,838,418
2016-03-04,236,68,1,209,419,26,305,654,959,51
2016-03-29,300,74,18,223,710,,392,933,1325,403
2016-04-16,189,83,1,,,,273,0,273,126
2016-06-15,384,251,5,60,92,,640,152,792,488
2016-09-04,126,,,,,,126,0,126,
2016-12-28,299,107,2,248,384,114,408,746,1154,129
2017-01-09,295,53,11,47,918,112,359,1077,1436,82
2017-02-12,282,,,,,,282,0,282,
2017-04-22,495,25,,762,,,520,762,1282,42
2017-06-06,814,104,208,401,759,155,1126,1315,2441,413
2017-08-20,315,,,,,,315,0,315,
2018-03-18,509,,,,,,509,0,509,1
2018-05-03,572,310,,500,339,48,882,887,1769,395
2018-05-11,1351,197,46,386,578,81,1594,1045,2639,186
2018-05-12,963,127,31,1101,435,,1121,1536,2657,106
2018-07-20,620,75,11,851,887,139,706,1877,2583,1930
2018-07-22,619,,,,,,619,0,619,
2018-08-12,570,,,,,,570,0,570,
2018-11-13,1072,48,12,255,389,107,1132,751,1883,342
2018-12-28,1083,45,17,978,1087,138,1145,2203,3348,21
2019-03-09,616,6,3,46,,,625,46,671,1199
2019-04-13,871,11,5,125,,,887,125,1012,46
2019-07-02,933,82,3,2586,1109,10,1018,3705,4723,5420
2019-07-11,1505,26,52,611,1151,53,1583,1815,3398,1214
2016-02-16,160,70,1,98,366,53,231,517,748,230
2016-02-27,202,9,,63,499,,211,562,773,1644
2016-06-03,507,36,,415,315,1,543,731,1274,168
2016-06-10,491,13,,197,581,42,504,820,1324,634
2016-07-04,210,28,,4,,,238,4,242,32
2016-07-28,729,15,,124,901,2,744,1027,1771,285
2016-08-02,385,32,43,99,427,33,460,559,1019,561
2016-08-12,214,188,12,126,404,66,414,596,1010,1152
2016-08-16,590,34,,49,406,120,624,575,1199,1652
2016-09-17,120,,,101,419,84,120,604,724,271
2016-10-02,127,,,,,,127,0,127,
2016-12-05,440,186,,238,449,122,626,809,1435,232
2017-02-13,311,48,41,96,660,,400,756,1156,182
2017-05-03,429,6,2,225,178,192,437,595,1032,201
2017-07-09,312,,,,,,312,0,312,
2017-09-11,454,143,,301,430,137,597,868,1465,540
2017-10-04,340,65,39,465,448,76,444,989,1433,1176
2017-11-27,607,99,,379,713,122,706,1214,1920,74
2017-12-05,497,78,62,1345,511,80,637,1936,2573,190
2017-12-16,752,23,23,92,708,46,798,846,1644,1518
2018-01-24,525,66,1,509,502,88,592,1099,1691,1213
2018-02-13,330,72,,83,915,113,402,1111,1513,677
2018-04-02,318,187,,118,566,126,505,810,1315,657
2018-09-16,478,,,,,,478,0,478,14
2018-11-11,377,,,,88,,377,88,465,
2018-12-01,909,35,5,1506,778,127,949,2411,3360,95
2019-04-30,1998,87,160,800,676,255,2245,1731,3976,558
2019-05-07,838,151,,768,1190,152,989,2110,3099,174
2016-05-16,205,17,,175,514,140,222,829,1051,168
2016-05-24,319,90,2,354,252,156,411,762,1173,33
2016-06-16,755,264,,315,263,24,1019,602,1621,1716
2016-07-18,219,221,,163,550,6,440,719,1159,349
2016-08-15,231,8,4,98,618,4,243,720,963,252
2016-09-08,311,8,38,196,758,,357,954,1311,16
2016-09-21,361,66,24,448,211,160,451,819,1270,576
2016-11-12,385,41,,329,417,,426,746,1172,50
2017-01-14,273,64,8,,,,345,0,345,437
2017-04-06,348,87,13,132,580,98,448,810,1258,191
2017-05-13,442,5,,22,,12,447,34,481,23
2017-07-14,732,355,,138,753,257,1087,1148,2235,2428
2017-07-18,461,295,19,1683,508,41,775,2232,3007,682
2017-07-22,511,,,87,,,511,87,598,
2017-09-03,245,5,,,,,250,0,250,
2017-11-03,367,236,53,351,605,62,656,1018,1674,326
2017-11-09,924,191,18,331,546,141,1133,1018,2151,172
2017-12-25,528,,,,,,528,0,528,
2018-02-23,453,43,,192,764,82,496,1038,1534,917
2018-03-31,789,,,3,130,,789,133,922,24
2018-04-11,645,441,9,820,581,135,1095,1536,2631,467
2018-06-04,762,80,64,503,394,127,906,1024,1930,584
2018-06-29,825,22,14,15,1400,203,861,1618,2479,2597
2018-08-02,851,221,15,473,1024,143,1087,1640,2727,939
2018-10-02,388,62,1,319,753,247,451,1319,1770,2021
2018-10-04,431,169,3,393,1186,138,603,1717,2320,1569
2019-04-22,598,81,4,386,820,185,683,1391,2074,562
2019-05-28,1073,84,26,1170,1460,51,1183,2681,3864,505
2019-06-23,1213,,,,,,1213,0,1213,1293
2019-06-24,1506,28,,,,,1534,0,1534,1923
2016-04-14,292,50,,199,241,2,342,442,784,50
2016-06-30,422,105,,202,478,34,527,714,1241,563
2016-08-09,344,65,5,119,374,79,414,572,986,558
2016-08-26,391,40,,279,808,,431,1087,1518,273
2016-09-28,565,131,,178,403,95,696,676,1372,664
2016-12-20,540,60,131,327,755,,731,1082,1813,1328
2017-05-06,706,27,,468,,,733,468,1201,127
2017-05-17,637,107,9,657,430,105,753,1192,1945,74
2017-07-08,587,,,33,,,587,33,620,85
2017-08-11,935,146,31,251,771,114,1112,1136,2248,720
2017-10-06,433,100,12,524,496,106,545,1126,1671,1159
2017-12-03,471,,,37,,,471,37,508,
2018-01-26,488,42,68,360,552,118,598,1030,1628,647
2018-03-12,484,105,41,326,540,95,630,961,1591,992
2018-07-21,630,15,,6,,,645,6,651,10
2018-09-03,334,22,,2,,,356,2,358,17
2018-10-16,372,109,,692,1108,194,481,1994,2475,4532
2018-10-26,465,208,,477,770,425,673,1672,2345,1503
2018-11-25,1067,,,,845,,1067,845,1912,
2018-12-12,976,54,8,791,1137,142,1038,2070,3108,1323
2018-12-20,1046,50,3,1080,1485,126,1099,2691,3790,1017
2019-02-06,632,332,,512,1854,175,964,2541,3505,2546
2019-04-21,530,,,8,,,530,8,538,
2019-05-15,983,196,45,2159,1027,7,1224,3193,4417,516
2019-05-27,1128,,,1,,,1128,1,1129,12
2016-04-13,293,121,,255,274,10,414,539,953,30
2016-06-04,257,,,127,,,257,127,384,34
2016-06-07,408,49,,120,348,45,457,513,970,526
2016-11-01,417,61,,118,467,10,478,595,1073,474
2017-01-23,212,9,,259,603,52,221,914,1135,47
2017-03-11,296,25,,159,467,,321,626,947,1000
2017-04-07,525,82,50,635,494,116,657,1245,1902,308
2017-04-23,593,,,,,,593,0,593,
2017-05-19,607,206,,1787,368,244,813,2399,3212,153
2017-05-20,619,110,,1325,,,729,1325,2054,28
2017-07-06,340,147,,256,847,72,487,1175,1662,2038
2017-07-16,378,,,,,,378,0,378,
2017-07-29,321,34,,98,,,355,98,453,75
2017-08-06,298,,,,,,298,0,298,
2017-08-26,442,20,,,,,462,0,462,161
2017-10-24,266,104,3,252,463,158,373,873,1246,377
2017-12-07,832,167,,739,566,90,999,1395,2394,386
2018-01-03,565,81,1,729,1604,57,647,2390,3037,204
2018-03-01,446,37,13,310,945,87,496,1342,1838,1006
2018-05-20,643,1,,194,,,644,194,838,
2018-08-13,457,204,2,265,702,116,663,1083,1746,342
2018-10-10,470,165,41,504,1029,88,676,1621,2297,1986
2018-10-12,706,159,,279,914,84,865,1277,2142,3535
2019-02-02,411,213,,,,,624,0,624,1438
2019-02-24,1250,,,126,562,40,1250,728,1978,
2019-02-25,502,145,14,264,1636,42,661,1942,2603,173
2019-06-10,1042,36,,705,1171,127,1078,2003,3081,298
2016-01-17,132,,,,,,132,0,132,
2016-02-10,402,126,10,209,502,49,538,760,1298,395
2016-05-17,293,41,2,650,352,,336,1002,1338,676
2016-05-19,310,144,,433,122,,454,555,1009,496
2016-06-13,403,40,28,253,979,5,471,1237,1708,304
2016-08-05,339,60,13,89,478,,412,567,979,1389
2016-11-29,717,249,71,396,563,81,1037,1040,2077,122
2017-02-04,120,,,164,,,120,164,284,438
2017-02-07,372,92,6,301,382,5,470,688,1158,604
2017-02-21,276,38,,272,374,194,314,840,1154,626
2017-04-18,632,399,,514,422,125,1031,1061,2092,126
2017-05-31,549,626,5,1270,512,135,1180,1917,3097,1239
2017-08-12,624,2,,9,,,626,9,635,13
2017-11-05,715,,,,,,715,0,715,
2017-12-04,561,30,58,157,553,5,649,715,1364,67
2018-04-26,1126,98,10,457,977,111,1234,1545,2779,112
2018-05-25,1348,32,25,283,729,111,1405,1123,2528,678
2018-09-13,873,388,,260,1104,,1261,1364,2625,40
2018-09-19,777,507,,625,1007,245,1284,1877,3161,885
2018-09-26,453,88,,347,1083,,541,1430,1971,1244
2018-11-12,2896,106,,721,366,142,3002,1229,4231,142
2018-12-19,1416,56,1,787,1394,107,1473,2288,3761,2266
2018-12-27,899,58,25,530,900,104,982,1534,2516,94
2019-01-12,889,184,,257,,,1073,257,1330,319
2019-04-05,822,134,20,545,1967,72,976,2584,3560,171
2019-04-28,454,,,4,,,454,4,458,
2019-06-28,1147,131,38,214,,,1316,214,1530,3982
2019-07-04,1327,18,,2642,853,35,1345,3530,4875,2743
2016-01-08,297,18,9,185,280,57,324,522,846,420
2016-02-04,167,139,,124,246,140,306,510,816,127
2016-03-28,206,,,140,181,66,206,387,593,286
2016-08-06,226,9,2,15,,,237,15,252,265
2016-08-22,306,36,,95,684,,342,779,1121,94
2016-10-07,209,151,6,272,160,,366,432,798,374
2017-01-18,569,97,30,209,284,84,696,577,1273,341
2017-02-03,399,35,5,310,468,61,439,839,1278,677
2017-03-19,314,92,,,,,406,0,406,1
2017-04-20,454,111,,1,638,149,565,788,1353,509
2018-03-22,877,130,96,148,1052,45,1103,1245,2348,712
2018-04-15,676,,,,,,676,0,676,
2018-05-08,3520,418,87,138,494,114,4025,746,4771,569
2018-05-22,763,344,178,2112,529,83,1285,2724,4009,354
2018-07-08,529,,,,,,529,0,529,667
2018-09-12,595,158,,393,1908,177,753,2478,3231,862
2018-10-24,504,102,1,454,680,329,607,1463,2070,673
2018-12-29,969,,2,181,,,971,181,1152,45
2019-03-27,984,242,,416,833,56,1226,1305,2531,1022
2019-04-07,415,9,,3,,,424,3,427,3
2019-07-03,1173,78,13,1411,1407,15,1264,2833,4097,3196
2016-01-12,190,46,,258,135,253,236,646,882,288
2016-01-30,308,,,17,,,308,17,325,206
2016-03-11,267,38,16,341,791,1,321,1133,1454,731
2016-04-01,309,3,40,127,75,33,352,235,587,372
2016-04-22,178,48,1,233,208,154,227,595,822,145
2016-05-06,678,7,,311,66,8,685,385,1070,100
2016-09-03,299,76,2,,149,90,377,239,616,120
2016-10-06,210,279,4,344,319,119,493,782,1275,533
2016-12-01,574,404,1,506,549,,979,1055,2034,827
2016-12-14,728,51,95,424,498,282,874,1204,2078,295
2017-02-19,330,,,,,,330,0,330,1
2017-03-08,721,95,34,178,429,82,850,689,1539,796
2017-04-25,470,228,21,587,474,135,719,1196,1915,45
2017-09-26,373,165,33,475,531,66,571,1072,1643,1964
2017-11-29,670,104,5,746,474,26,779,1246,2025,196
2017-11-30,554,122,11,1109,575,94,687,1778,2465,171
2017-12-02,561,61,5,922,348,50,627,1320,1947,34
2017-12-14,1011,73,1,506,595,49,1085,1150,2235,1122
2018-05-09,904,187,46,1722,503,137,1137,2362,3499,199
2018-06-01,787,134,96,523,1055,99,1017,1677,2694,614
2018-07-09,407,184,,45,7,,591,52,643,659
2018-08-06,737,25,39,273,605,168,801,1046,1847,74
2018-08-31,438,287,,282,438,87,725,807,1532,1846
2018-09-05,491,191,44,406,883,114,726,1403,2129,179
2019-01-03,645,91,213,526,936,183,949,1645,2594,267
2019-01-27,993,23,,32,,,1016,32,1048,
2019-03-04,405,120,16,1604,1084,34,541,2722,3263,995
2019-03-20,649,165,14,329,404,118,828,851,1679,2198
2019-03-29,689,177,,433,827,113,866,1373,2239,1020
2019-07-18,1254,44,1,782,1591,22,1299,2395,3694,1707
2016-01-13,231,219,12,244,13,,462,257,719,434
2016-01-25,219,16,,97,166,37,235,300,535,7
2016-02-23,344,9,,182,215,50,353,447,800,244
2016-03-03,355,88,2,150,324,48,445,522,967,273
2016-03-15,274,108,,390,702,4,382,1096,1478,723
2016-05-03,200,17,2,11,265,1,219,277,496,238
2016-06-29,450,35,,157,324,99,485,580,1065,794
2017-01-16,272,98,,134,179,8,370,321,691,156
2017-01-26,290,45,,281,325,5,335,611,946,157
2017-04-04,383,50,46,466,619,41,479,1126,1605,368
2017-05-25,630,28,,1318,731,93,658,2142,2800,62
2017-08-09,1024,201,,537,1471,124,1225,2132,3357,326
2017-08-25,697,143,,333,532,38,840,903,1743,334
2017-10-15,174,,,,,,174,0,174,3
2017-11-16,610,101,27,668,670,27,738,1365,2103,365
2017-12-11,850,218,33,,608,,1101,608,1709,197
2018-02-12,341,102,,463,403,54,443,920,1363,124
2018-03-28,536,344,3,1,1079,35,883,1115,1998,1686
2018-04-23,417,37,10,284,726,111,464,1121,1585,347
2018-05-02,570,73,201,841,374,179,844,1394,2238,405
2018-09-08,673,174,,212,1019,1,847,1232,2079,10
2018-09-11,498,365,26,585,1030,176,889,1791,2680,634
2018-11-08,453,152,11,456,515,72,616,1043,1659,193
2018-11-09,374,165,102,343,394,178,641,915,1556,476
2019-01-19,937,37,,311,,,974,311,1285,38
2019-03-06,813,121,19,277,1040,,953,1317,2270,1144
2019-03-24,483,8,,248,396,4,491,648,1139,
2019-05-20,1791,290,,960,976,54,2081,1990,4071,144
2019-07-05,1422,,,1072,1057,18,1422,2147,3569,813
2019-07-27,1168,2,,708,295,,1170,1003,2173,19
2016-03-10,329,125,,240,573,47,454,860,1314,292
2016-04-29,243,16,,259,152,,259,411,670,28
2016-07-23,271,1,,1,,,272,1,273,4
2016-08-03,470,69,,365,331,155,539,851,1390,254
2016-08-27,362,,,5,,,362,5,367,48
2016-12-07,462,47,,406,498,79,509,983,1492,111
2017-01-20,470,26,,180,368,59,496,607,1103,437
2017-01-21,416,19,,37,,,435,37,472,452
2017-02-26,370,,,,,,370,0,370,52
2017-04-14,358,31,12,2,,,401,2,403,255
2017-04-28,429,251,20,419,120,84,700,623,1323,1432
2017-12-12,727,48,38,750,879,4,813,1633,2446,1022
2018-02-15,743,420,,418,525,242,1163,1185,2348,1091
2018-03-09,566,6,,229,393,112,572,734,1306,1492
2018-03-23,687,103,19,334,538,49,809,921,1730,549
2018-03-24,491,34,28,1,651,10,553,662,1215,302
2018-05-28,967,,,,,,967,0,967,852
2018-06-06,1049,49,,726,731,176,1098,1633,2731,1124
2018-08-14,440,68,,319,629,71,508,1019,1527,528
2018-10-11,609,281,17,276,878,119,907,1273,2180,2009
2018-11-01,452,131,3,568,930,174,586,1672,2258,596
2018-11-28,1185,278,43,1079,725,35,1506,1839,3345,553
2019-01-08,892,329,55,703,1053,34,1276,1790,3066,574
2019-01-29,694,304,76,605,1003,12,1074,1620,2694,1919
2019-05-30,1139,42,28,1461,1445,102,1209,3008,4217,644
2019-07-17,1707,133,,1451,1110,46,1840,2607,4447,2234
2016-03-22,397,15,,341,403,5,412,749,1161,835
2016-05-28,536,,,,,,536,0,536,8
2016-07-07,362,53,,201,295,2,415,498,913,732
2016-07-20,318,52,,169,712,65,370,946,1316,26
2016-09-11,166,,,,,,166,0,166,
2016-11-10,988,240,28,127,335,52,1256,514,1770,168
2017-01-05,747,85,,126,1040,108,832,1274,2106,458
2017-03-23,932,240,44,278,704,151,1216,1133,2349,876
2017-05-30,571,109,2,326,627,41,682,994,1676,322
2017-12-15,724,84,27,273,892,110,835,1275,2110,1764
2018-02-02,568,27,149,378,780,,744,1158,1902,2942
2018-04-14,997,29,,5,639,194,1026,838,1864,156
2018-04-25,634,143,28,546,1237,158,805,1941,2746,1289
2018-06-18,746,164,9,326,660,75,919,1061,1980,465
2018-10-28,363,,,,,,363,0,363,
2018-11-22,878,61,,20,869,,939,889,1828,262
2018-11-23,1077,33,33,370,1509,51,1143,1930,3073,261
2019-01-05,766,80,52,134,,,898,134,1032,1047
2019-01-14,731,91,21,51,1064,55,843,1170,2013,169
2019-01-17,867,255,79,456,1058,89,1201,1603,2804,178
2019-05-24,1555,123,30,1341,1353,85,1708,2779,4487,385
2019-06-27,1047,5,,1551,45,11,1052,1607,2659,4373
2016-02-26,347,36,,112,381,194,383,687,1070,745
2016-03-12,329,2,,10,,,331,10,341,906
2016-03-31,367,111,6,153,379,,484,532,1016,1041
2016-05-04,567,89,2,277,156,88,658,521,1179,124
2016-06-17,659,76,88,235,185,36,823,456,1279,750
2016-07-15,257,140,52,186,219,24,449,429,878,573
2016-07-19,301,27,16,116,534,8,344,658,1002,934
2016-08-04,346,89,,128,559,144,435,831,1266,1876
2016-09-29,261,142,1,159,274,54,404,487,891,137
2016-12-26,215,,,,,,215,0,215,
2017-03-12,438,,,,,,438,0,438,142
2017-05-23,505,71,38,1783,627,111,614,2521,3135,81
2017-05-27,881,27,,37,390,2,908,429,1337,18
2017-06-13,665,116,,856,346,72,781,1274,2055,546
2017-06-25,471,,,38,,,471,38,509,147
2017-06-29,812,54,,237,444,130,866,811,1677,899
2017-10-05,382,271,80,550,436,2,733,988,1721,1173
2017-12-23,1298,,,63,883,63,1298,1009,2307,64
2018-02-21,577,144,6,370,501,90,727,961,1688,534
2018-03-20,553,202,,557,1012,185,755,1754,2509,1900
2018-05-01,478,155,44,1095,722,120,677,1937,2614,434
2018-09-17,502,40,1,572,1083,51,543,1706,2249,180
2018-10-18,607,283,1,410,659,36,891,1105,1996,620
2018-10-20,392,81,,1,,,473,1,474,670
2018-12-11,983,156,44,780,550,128,1183,1458,2641,1896
2019-01-06,558,,,,,,558,0,558,
2019-01-28,675,43,,44,540,205,718,789,1507,2193
2019-02-23,743,22,,65,,,765,65,830,563
2019-03-28,640,150,13,329,1033,300,803,1662,2465,671
2019-03-30,665,53,,2,,,718,2,720,119
2019-04-12,1015,458,146,362,1201,6,1619,1569,3188,381
2019-04-27,557,,,29,,,557,29,586,5
2019-05-17,2112,159,661,2254,470,11,2932,2735,5667,536
2019-05-19,1838,,,14,,,1838,14,1852,
2019-07-25,2172,334,2,697,1490,46,2508,2233,4741,1020
2016-03-23,383,128,,166,486,16,511,668,1179,720
2016-07-09,259,,,5,,,259,5,264,397
2016-08-08,264,111,10,122,496,1,385,619,1004,343
2017-05-22,475,94,82,651,711,195,651,1557,2208,62
2017-07-04,572,1,,389,,,573,389,962,25
2017-07-27,667,60,1,490,468,61,728,1019,1747,176
2017-08-05,356,7,,112,,,363,112,475,432
2017-10-27,219,82,21,403,369,218,322,990,1312,138
2017-12-06,567,61,,1023,394,167,628,1584,2212,158
2017-12-18,894,46,134,110,781,15,1074,906,1980,361
2018-01-29,409,64,,343,425,51,473,819,1292,789
2018-06-05,706,116,46,1038,613,102,868,1753,2621,618
2018-11-18,349,,,,,,349,0,349,
2018-12-03,852,66,21,395,499,80,939,974,1913,135
2019-02-16,383,77,,123,,,460,123,583,311
2019-03-03,521,5,,178,531,4,526,713,1239,
2019-06-19,2430,145,2,1793,837,38,2577,2668,5245,1131
2019-07-26,1635,218,5,750,881,31,1858,1662,3520,296
2016-04-18,160,102,,1108,85,41,262,1234,1496,160
2016-05-22,176,,,,,,176,0,176,
2016-05-25,473,65,6,406,424,106,544,936,1480,273
2016-06-01,524,127,20,788,780,77,671,1645,2316,378
2016-06-02,563,22,39,1203,314,1,624,1518,2142,474
2016-09-19,205,91,13,422,412,,309,834,1143,343
2016-09-22,220,143,3,128,363,196,366,687,1053,352
2017-04-01,595,5,,188,639,,600,827,1427,426
2017-04-09,304,,,424,,,304,424,728,
2017-04-29,373,122,,88,,,495,88,583,160
2017-08-28,311,34,9,153,496,125,354,774,1128,456
2017-12-22,570,,,179,810,140,570,1129,1699,66
2018-06-12,944,291,22,754,556,136,1257,1446,2703,1605
2018-06-14,904,242,,493,919,91,1146,1503,2649,2787
2018-09-15,661,25,,,707,,686,707,1393,302
2019-01-26,180,,,227,,,180,227,407,1448
2019-04-16,550,94,22,2021,1606,23,666,3650,4316,296
2019-07-23,1183,311,,583,958,26,1494,1567,3061,920
2016-01-06,444,1,,186,258,1,445,445,890,151
2016-01-14,251,35,10,169,317,,296,486,782,39
2016-02-06,97,35,,51,,,132,51,183,997
2016-04-15,432,38,13,298,458,59,483,815,1298,382
2016-04-21,393,92,6,162,146,1,491,309,800,107
2016-08-19,500,59,1,121,468,,560,589,1149,229
2016-09-01,451,99,,110,471,3,550,584,1134,280
2016-10-19,311,96,8,248,448,34,415,730,1145,809
2016-11-17,561,110,16,215,370,9,687,594,1281,234
2016-12-10,498,167,,193,24,,665,217,882,400
2016-12-24,811,,,245,,,811,245,1056,
2017-01-19,531,165,4,231,344,121,700,696,1396,271
2017-02-20,215,43,3,119,553,143,261,815,1076,407
2017-06-07,923,97,6,527,427,284,1026,1238,2264,137
2017-08-17,620,248,,507,1139,74,868,1720,2588,135
2017-09-14,170,179,5,743,691,102,354,1536,1890,120
2017-09-17,223,,,,,,223,0,223,
2017-09-25,286,16,6,314,515,56,308,885,1193,538
2017-11-10,718,51,259,230,798,106,1028,1134,2162,398
2018-04-13,994,69,5,589,760,90,1068,1439,2507,463
2018-06-25,607,71,,111,994,,678,1105,1783,1692
2018-08-07,397,79,29,291,1078,93,505,1462,1967,628
2018-08-10,689,65,12,326,861,170,766,1357,2123,1161
2018-12-24,353,120,,449,372,,473,821,1294,302
2019-02-08,758,250,25,774,2198,105,1033,3077,4110,1471
2019-02-22,2039,53,35,307,1064,73,2127,1444,3571,1585
2019-05-13,473,,,709,1043,12,473,1764,2237,142
2019-07-10,1265,222,67,1519,787,179,1554,2485,4039,4504
2019-07-14,1018,,,,727,15,1018,742,1760,
2016-02-18,182,52,1,93,390,207,235,690,925,48
2016-04-24,139,5,,1,,,144,1,145,
2016-07-02,334,,,76,453,,334,529,863,
2016-07-03,294,,,,,,294,0,294,
2016-07-06,282,37,36,219,388,171,355,778,1133,1479
2016-08-13,146,,,,415,,146,415,561,25
2016-10-04,309,101,,86,233,138,410,457,867,459
2016-10-18,355,125,35,271,217,102,515,590,1105,862
2016-10-25,208,174,1,265,345,26,383,636,1019,373
2016-10-28,372,18,5,99,287,18,395,404,799,333
2017-01-08,489,,,39,,,489,39,528,
2017-02-02,363,143,1,182,166,109,507,457,964,804
2017-03-21,519,13,23,579,617,23,555,1219,1774,974
2017-06-21,772,217,3,360,613,204,992,1177,2169,521
2017-06-26,454,95,1,153,456,,550,609,1159,488
2017-07-26,507,131,52,161,443,36,690,640,1330,65
2017-08-13,519,,,,,,519,0,519,
2017-08-27,183,,,,,,183,0,183,
2018-01-17,673,121,136,451,433,128,930,1012,1942,426
2018-03-07,594,300,1,340,610,291,895,1241,2136,1102
2018-04-20,714,184,,461,1330,117,898,1908,2806,401
2018-04-24,530,203,14,607,693,78,747,1378,2125,1003
2018-07-16,632,47,11,436,755,24,690,1215,1905,731
2018-08-03,1021,75,5,362,912,118,1101,1392,2493,466
2018-11-27,1208,296,9,388,832,78,1513,1298,2811,1426
2018-12-25,678,,,137,,,678,137,815,
2019-03-21,543,105,29,464,838,81,677,1383,2060,1941
2019-06-01,1360,,,266,,,1360,266,1626,547
2016-07-31,187,,,,,,187,0,187,96
2016-10-14,179,,,248,325,12,179,585,764,2168
2016-10-29,195,1,,224,301,2,196,527,723,122
2016-11-03,405,151,,541,429,96,556,1066,1622,298
2016-11-22,588,200,15,316,773,,803,1089,1892,40
2017-03-13,364,52,,165,628,90,416,883,1299,666
2017-04-21,383,62,10,1145,835,171,455,2151,2606,116
2017-08-08,580,116,3,147,1608,63,699,1818,2517,1912
2017-08-19,709,,7,,,,716,0,716,5
2017-11-23,489,7,7,41,,,503,41,544,36
2017-12-01,584,102,87,1344,482,81,773,1907,2680,511
2018-03-05,531,217,1,216,485,157,749,858,1607,549
2018-03-26,1249,129,2,342,847,155,1380,1344,2724,384
2018-04-21,552,89,10,683,,,651,683,1334,145
2018-07-12,522,209,,666,598,129,731,1393,2124,1233
2018-07-27,774,54,,592,1041,68,828,1701,2529,1400
2018-09-07,1422,339,,216,1072,103,1761,1391,3152,422
2019-01-25,443,238,18,665,1149,153,699,1967,2666,1705
2019-04-01,518,80,,374,1635,190,598,2199,2797,1635
2019-04-04,810,253,23,505,1479,133,1086,2117,3203,721
2016-01-28,193,99,9,23,420,96,301,539,840,1166
2016-02-14,156,,,,,,156,0,156,
2016-03-18,234,25,,272,399,27,259,698,957,1370
2016-04-07,242,106,,233,730,160,348,1123,1471,179
2016-05-13,356,59,,246,237,30,415,513,928,18
2016-09-30,197,8,,220,278,123,205,621,826,659
2016-10-08,164,7,17,119,,,188,119,307,1767
2016-10-12,198,34,,323,109,128,232,560,792,527
2016-10-13,303,28,,559,216,48,331,823,1154,578
2016-10-22,169,8,2,4,,,179,4,183,870
2016-11-02,201,28,1,212,614,61,230,887,1117,426
2016-11-23,523,34,,249,979,35,557,1263,1820,115
2017-03-05,351,,,,,,351,0,351,
2017-03-18,234,48,,82,489,19,282,590,872,484
2017-03-31,595,30,39,181,585,19,664,785,1449,492
2017-05-02,384,17,36,789,137,126,437,1052,1489,614
2017-05-29,674,,,5,,,674,5,679,132
2017-06-27,534,76,13,329,603,136,623,1068,1691,1700
2017-06-30,652,142,23,178,322,102,817,602,1419,1692
2017-11-24,553,31,63,619,523,71,647,1213,1860,41
2017-12-28,654,55,,604,1003,83,709,1690,2399,576
2018-01-11,547,91,1,174,79,24,639,277,916,350
2018-02-26,375,18,,565,448,46,393,1059,1452,353
2018-04-01,298,,,,,,298,0,298,10
2018-04-16,792,32,,354,556,38,824,948,1772,285
2018-05-31,1211,151,6,1158,1354,146,1368,2658,4026,1160
2018-06-19,659,154,1,921,980,48,814,1949,2763,2024
2018-07-11,482,56,,1112,612,169,538,1893,2431,2283
2018-08-30,388,248,45,309,552,110,681,971,1652,791
2018-10-22,323,278,,476,522,62,601,1060,1661,637
2018-10-31,438,140,3,337,541,214,581,1092,1673,661
2019-02-28,1194,66,1,836,633,32,1261,1501,2762,1155
2019-04-24,1300,269,14,888,353,158,1583,1399,2982,628
2019-05-03,1169,192,52,442,1000,128,1413,1570,2983,2188
2019-06-03,2055,54,,418,1313,65,2109,1796,3905,929
2019-06-15,1271,,,1618,,,1271,1618,2889,2471
2019-06-16,1242,,,22,,,1242,22,1264,50
2016-01-02,228,,,,,,228,0,228,
2016-02-09,178,149,,91,510,,327,601,928,184
2016-02-17,359,134,7,123,337,227,500,687,1187,516
2016-05-09,881,16,29,238,299,2,926,539,1465,94
2016-08-21,121,,,,,,121,0,121,
2017-01-24,394,100,79,366,324,27,573,717,1290,1016
2017-01-27,333,91,7,168,222,16,431,406,837,554
2017-03-10,539,37,,530,544,2,576,1076,1652,584
2017-03-25,417,88,,6,468,58,505,532,1037,987
2017-05-11,609,63,,617,360,136,672,1113,1785,84
2017-05-18,564,114,4,479,508,108,682,1095,1777,102
2017-09-02,386,,,,,,386,0,386,1
2017-10-16,271,100,14,361,473,54,385,888,1273,743
2017-10-23,248,157,,230,96,149,405,475,880,877
2018-01-21,534,,,97,,,534,97,631,
2018-05-24,812,297,12,1394,507,94,1121,1995,3116,502
2018-12-05,993,74,36,644,1060,70,1103,1774,2877,440
2019-02-09,841,115,,146,,,956,146,1102,295
2019-05-05,964,,,1,,,964,1,965,
2019-05-23,1740,83,78,2797,1524,148,1901,4469,6370,559
2019-05-25,1256,45,,304,,,1301,304,1605,562
2019-06-02,1158,,,133,,,1158,133,1291,
2019-07-08,979,98,,508,991,111,1077,1610,2687,4345
2016-02-08,117,34,3,58,480,,154,538,692,64
2016-04-06,392,91,,244,415,42,483,701,1184,264
2016-05-23,252,5,,405,586,107,257,1098,1355,34
2016-06-12,290,,,,,,290,0,290,8
2016-06-28,385,111,,184,517,51,496,752,1248,1120
2016-11-06,168,,,,,,168,0,168,
2016-12-09,539,56,1,293,651,101,596,1045,1641,341
2016-12-11,532,,,,,,532,0,532,
2017-01-04,438,91,2,237,527,195,531,959,1490,95
2017-02-14,176,239,3,439,423,32,418,894,1312,326
2017-06-05,399,91,49,417,315,,539,732,1271,42
2017-09-07,449,185,,331,798,20,634,1149,1783,95
2017-09-10,214,5,,,858,,219,858,1077,68
2017-10-19,419,120,1,251,369,152,540,772,1312,2266
2017-11-04,344,2,7,,,,353,0,353,44
2018-06-02,903,17,,584,919,,920,1503,2423,154
2018-06-08,885,101,49,654,389,125,1035,1168,2203,1106
2018-08-08,578,164,,238,695,175,742,1108,1850,164
2018-09-24,1024,36,8,344,718,86,1068,1148,2216,1223
2018-10-15,253,146,,962,613,101,399,1676,2075,2595
2018-11-14,758,104,79,324,283,247,941,854,1795,81
2018-12-13,967,361,4,642,1020,40,1332,1702,3034,3449
2019-02-12,574,304,370,414,1140,12,1248,1566,2814,1345
2019-03-11,862,182,2,277,1035,55,1046,1367,2413,1669
2019-03-12,505,124,14,793,970,51,643,1814,2457,3041
2019-03-31,301,,,100,709,24,301,833,1134,
2019-05-04,1592,6,,445,2,1,1598,448,2046,229
2019-05-11,786,4,,711,,,790,711,1501,98
2019-06-13,1350,138,40,2106,977,81,1528,3164,4692,2064
2016-05-26,288,98,,443,448,19,386,910,1296,356
2016-05-29,273,,,,,,273,0,273,
2016-10-05,347,50,4,545,329,93,401,967,1368,775
2016-12-03,490,22,,853,736,,512,1589,2101,13
2017-02-01,344,162,70,178,260,98,576,536,1112,451
2017-02-11,202,42,3,109,,,247,109,356,145
2017-02-24,775,94,,199,636,63,869,898,1767,590
2017-03-03,323,21,,286,516,10,344,812,1156,816
2017-04-24,328,85,245,2,1106,85,658,1193,1851,227
2017-05-16,722,109,19,711,422,45,850,1178,2028,94
2017-06-14,811,150,,277,519,167,961,963,1924,1034
2017-08-04,536,54,27,341,406,126,617,873,1490,561
2017-08-30,452,186,,210,607,50,638,867,1505,319
2017-09-29,384,96,72,378,410,66,552,854,1406,285
2017-10-20,452,51,,213,630,77,503,920,1423,549
2017-10-28,252,,,,,,252,0,252,189
2018-01-14,281,,,,,,281,0,281,
2018-05-19,812,63,,553,321,,875,874,1749,452
2018-06-30,1073,6,,,552,,1079,552,1631,928
2018-07-14,382,,,5,,,382,5,387,77
2018-08-25,384,79,,487,,,463,487,950,11
2018-09-28,476,86,40,463,1866,36,602,2365,2967,527
2018-10-05,464,74,30,255,893,137,568,1285,1853,1887
2018-10-17,532,130,,625,766,178,662,1569,2231,1188
2018-10-25,527,371,35,402,872,162,933,1436,2369,325
2018-11-20,1238,243,154,751,1240,171,1635,2162,3797,518
2018-12-31,584,40,,514,454,,624,968,1592,
2019-04-03,1018,164,33,475,1089,265,1215,1829,3044,853
2016-01-10,175,,,,,,175,0,175,
2016-01-20,307,42,10,271,288,60,359,619,978,513
2016-06-21,424,47,90,189,447,4,561,640,1201,232
2016-11-14,985,,81,330,167,45,1066,542,1608,79
2016-11-25,640,217,40,128,384,55,897,567,1464,27
2017-01-13,534,2,13,60,,,549,60,609,173
2017-03-01,414,9,,267,347,28,423,642,1065,926
2017-04-08,539,14,,10,509,,553,519,1072,238
2017-05-09,1030,60,10,394,399,57,1100,850,1950,203
2017-05-26,913,154,1,906,882,58,1068,1846,2914,242
2017-07-01,802,,,32,87,,802,119,921,190
2017-07-15,345,50,,89,,,395,89,484,128
2017-09-09,608,37,,488,,,645,488,1133,449
2018-02-28,545,211,,280,448,29,756,757,1513,1102
2018-05-30,1057,196,1,931,289,172,1254,1392,2646,2212
2018-07-17,406,144,17,246,627,203,567,1076,1643,727
2018-08-05,709,,,,,,709,0,709,
2018-11-10,388,9,15,442,,,412,442,854,220
2019-01-07,597,81,,236,1348,56,678,1640,2318,621
2019-01-09,1763,335,8,724,1321,117,2106,2162,4268,1422
2019-03-10,416,,,161,363,4,416,528,944,18
2019-05-29,1081,105,28,2128,1640,68,1214,3836,5050,919
2019-07-15,1156,163,,1,1024,106,1319,1131,2450,1305
2019-07-21,1079,,,339,620,33,1079,992,2071,26
2016-01-26,200,45,3,177,234,60,248,471,719,1085
2016-01-31,146,,,,,,146,0,146,
2016-02-13,303,,,4,226,,303,230,533,117
2016-02-25,440,93,,204,257,2,533,463,996,454
2016-09-26,199,18,1,277,801,,218,1078,1296,988
2016-12-08,670,33,118,177,640,,821,817,1638,129
2016-12-13,562,70,,426,1009,1,632,1436,2068,293
2016-12-31,635,,,118,,,635,118,753,44
2017-02-17,374,8,1,239,586,145,383,970,1353,490
2017-03-14,340,27,,24,,,367,24,391,1107
2017-03-26,436,1,,190,,,437,190,627,
2017-04-11,433,54,20,208,551,173,507,932,1439,493
2017-07-21,598,53,,293,871,47,651,1211,1862,1440
2017-07-23,337,,,,,,337,0,337,5
2017-07-25,529,168,73,172,551,65,770,788,1558,623
2017-08-14,490,71,33,354,219,39,594,612,1206,510
2017-10-17,564,252,49,298,546,148,865,992,1857,2127
2017-10-29,194,,,,,,194,0,194,22
2017-12-17,1032,,,51,,,1032,51,1083,56
2018-01-01,184,,,,,,184,0,184,56
2018-02-16,747,116,,245,637,37,863,919,1782,497
2018-04-05,612,213,86,516,653,148,911,1317,2228,667
2018-04-17,642,314,22,478,522,112,978,1112,2090,514
2018-04-22,388,,,20,,,388,20,408,
2018-06-03,783,,,,,,783,0,783,134
2018-08-27,213,75,15,188,1110,124,303,1422,1725,193
2018-09-20,630,230,4,409,911,183,864,1503,2367,2396
2018-10-09,376,332,140,132,570,75,848,777,1625,2998
2018-10-29,322,41,,581,915,151,363,1647,2010,463
2019-01-23,682,222,88,417,597,82,992,1096,2088,870
2019-01-24,911,335,,293,809,235,1246,1337,2583,769
2019-04-09,1310,95,,261,1586,14,1405,1861,3266,510
2019-06-04,1709,25,1,2467,1459,145,1735,4071,5806,930
2019-07-13,1027,28,,439,658,18,1055,1115,2170,50
2016-04-12,188,67,9,592,264,21,264,877,1141,369
2016-05-08,225,,,,,,225,0,225,
2016-05-27,478,2,,341,308,72,480,721,1201,250
2016-09-14,392,121,,251,272,136,513,659,1172,2247
2016-09-27,257,144,,164,648,1,401,813,1214,465
2016-11-27,382,,,,,,382,0,382,
2017-04-10,408,77,,147,458,42,485,647,1132,86
2017-05-10,902,166,36,753,412,86,1104,1251,2355,774
2017-07-12,529,296,21,267,597,58,846,922,1768,947
2017-07-31,299,29,15,74,896,86,343,1056,1399,1217
2017-09-20,344,193,8,380,456,147,545,983,1528,747
2017-10-09,282,106,,422,666,100,388,1188,1576,896
2018-02-07,587,78,6,249,620,80,671,949,1620,1424
2018-03-02,588,128,123,336,1582,101,839,2019,2858,889
2018-06-23,1065,34,,969,986,,1099,1955,3054,198
2018-07-06,424,99,1,533,796,18,524,1347,1871,1436
2018-07-30,380,47,10,309,464,100,437,873,1310,700
2018-09-30,775,,,,,,775,0,775,106
2019-02-11,455,148,,375,2376,35,603,2786,3389,332
2019-02-20,563,173,13,178,1306,133,749,1617,2366,1545
2019-05-09,1075,25,171,1020,851,58,1271,1929,3200,792
2019-05-14,1244,185,104,1978,895,13,1533,2886,4419,325
2016-01-05,362,24,,112,338,,386,450,836,114
2016-01-15,215,27,,94,290,,242,384,626,152
2016-11-07,200,8,,128,247,137,208,512,720,44
2017-01-01,175,,,22,,,175,22,197,
2017-01-30,224,20,,164,257,94,244,515,759,177
2017-02-27,291,213,3,84,688,10,507,782,1289,174
2017-03-24,595,174,,212,837,44,769,1093,1862,98
2017-04-13,456,485,,352,630,137,941,1119,2060,368
2017-04-15,220,,,,269,,220,269,489,171
2017-06-17,520,59,,8,764,,579,772,1351,530
2017-07-07,626,16,1,935,566,98,643,1599,2242,1099
2017-07-28,371,49,36,167,325,135,456,627,1083,553
2017-09-21,382,76,17,528,670,131,475,1329,1804,2078
2017-12-08,601,62,,86,816,54,663,956,1619,861
2017-12-19,723,191,12,318,919,160,926,1397,2323,1671
2017-12-21,742,124,,362,754,137,866,1253,2119,414
2018-01-02,208,26,,201,890,1,234,1092,1326,103
2018-03-10,250,2,,69,762,,252,831,1083,1474
2018-04-10,621,99,84,992,703,131,804,1826,2630,538
2018-05-05,378,9,7,4,,,394,4,398,408
2018-07-23,406,161,,404,962,49,567,1415,1982,602
2018-09-10,469,25,,365,780,155,494,1300,1794,438
2018-09-29,667,83,,3,,,750,3,753,727
2019-01-10,1152,102,67,399,958,84,1321,1441,2762,103
2019-04-06,888,32,25,43,,,945,43,988,329
2019-05-21,1355,171,5,1790,454,133,1531,2377,3908,123
2019-06-14,1601,189,,3017,1024,57,1790,4098,5888,2005
2016-03-07,106,3,,124,374,41,109,539,648,29
2016-04-09,465,1,,26,,,466,26,492,168
2016-06-05,197,,,,,,197,0,197,
2016-06-18,351,,,,,,351,0,351,644
2016-07-22,371,66,,85,410,14,437,509,946,803
2016-08-10,368,82,54,145,380,90,504,615,1119,740
2016-11-18,347,27,31,255,441,,405,696,1101,210
2016-12-12,610,299,,107,329,22,909,458,1367,254
2016-12-22,592,77,1,283,335,191,670,809,1479,1089
2017-01-06,507,30,,198,1358,131,537,1687,2224,476
2017-01-29,200,,,,,,200,0,200,33
2017-10-03,265,150,32,340,458,179,447,977,1424,607
2017-11-25,411,,4,374,633,,415,1007,1422,8
2018-01-18,552,147,44,458,377,99,743,934,1677,732
2018-01-30,396,124,148,303,377,161,668,841,1509,2897
2018-02-03,498,,,52,,,498,52,550,
2018-02-19,328,86,,104,634,8,414,746,1160,443
2018-06-27,810,168,9,853,701,86,987,1640,2627,2137
2018-07-13,709,6,,633,894,81,715,1608,2323,831
2018-08-29,714,231,56,396,814,173,1001,1383,2384,270
2018-09-25,950,135,,460,657,80,1085,1197,2282,2115
2018-10-07,399,10,,,,,409,0,409,197
2018-11-03,430,3,7,,,,440,0,440,278
2019-02-13,987,107,84,336,1010,66,1178,1412,2590,1047
2019-06-26,1365,56,24,491,906,40,1445,1437,2882,2590
2016-01-09,257,55,,11,,,312,11,323,6
2016-04-05,409,16,,417,407,108,425,932,1357,1393
2016-08-28,200,,,,,,200,0,200,
2016-12-21,558,53,395,352,421,128,1006,901,1907,1878
2016-12-27,262,,,49,423,34,262,506,768,29
2017-02-25,996,23,13,120,641,6,1032,767,1799,661
2017-04-27,419,117,,257,534,78,536,869,1405,384
2017-05-24,623,76,1,821,791,68,700,1680,2380,692
2017-10-11,402,380,,368,521,211,782,1100,1882,1616
2017-10-13,410,145,11,259,383,170,566,812,1378,2308
2018-01-31,602,117,86,325,763,199,805,1287,2092,1464
2018-02-17,405,33,,144,646,,438,790,1228,73
2018-05-10,921,221,60,1341,739,128,1202,2208,3410,239
2018-12-06,1025,169,49,1209,919,49,1243,2177,3420,489
2019-01-20,982,,,,,,982,0,982,174
2019-01-30,519,155,86,281,1523,104,760,1908,2668,1590
2019-02-19,730,190,2,212,1198,22,922,1432,2354,1144
2019-04-15,580,170,,414,1733,32,750,2179,2929,336
2019-05-26,1276,,,6,,,1276,6,1282,44
2019-06-21,2057,68,,82,1,,2125,83,2208,2185
2016-02-28,221,,,,,,221,0,221,104
2016-07-17,268,,,,,,268,0,268,302
2016-08-23,234,11,3,186,842,38,248,1066,1314,424
2016-11-13,527,,,30,,,527,30,557,
2017-03-22,799,184,15,274,914,87,998,1275,2273,1178
2017-03-27,446,76,11,192,647,119,533,958,1491,168
2017-06-01,631,250,,617,780,40,881,1437,2318,38
2017-06-22,740,189,,464,512,74,929,1050,1979,754
2017-08-29,444,84,19,140,472,79,547,691,1238,131
2017-09-01,949,43,16,88,537,,1008,625,1633,391
2017-10-07,527,,,,,,527,0,527,1131
2017-11-20,747,32,,1215,856,1,779,2072,2851,319
2018-01-05,849,71,,151,790,14,920,955,1875,256
2018-02-06,504,108,94,238,448,139,706,825,1531,1109
2018-04-27,1684,106,38,792,672,157,1828,1621,3449,981
2018-10-21,313,,,,,,313,0,313,
2018-12-04,898,162,83,692,1399,29,1143,2120,3263,1463
2018-12-07,947,200,,1688,962,49,1147,2699,3846,1271
2019-03-08,758,55,21,229,1512,129,834,1870,2704,1787
2019-03-16,564,38,,135,,,602,135,737,2280
2019-07-19,1299,208,4,1287,1109,58,1511,2454,3965,2260
2016-01-01,256,,,19,,,256,19,275,
2016-01-18,136,,,,190,147,136,337,473,1
2016-02-15,113,28,,79,160,,141,239,380,165
2016-02-20,289,50,,7,,,339,7,346,2288
2016-03-13,251,,,,,,251,0,251,9
2016-03-30,566,139,,311,560,152,705,1023,1728,101
2016-08-14,154,,,,,,154,0,154,1
2016-08-30,177,199,,249,657,91,376,997,1373,7
2016-11-04,303,26,7,191,542,89,336,822,1158,674
2016-11-28,539,64,25,210,565,4,628,779,1407,73
2016-12-17,903,132,,347,,,1035,347,1382,913
2016-12-23,568,79,72,279,543,110,719,932,1651,313
2017-01-12,641,10,9,240,598,80,660,918,1578,505
2017-01-17,291,265,,217,456,18,556,691,1247,1107
2017-03-16,204,172,36,43,800,73,412,916,1328,1470
2017-03-20,507,21,,285,645,,528,930,1458,525
2017-03-28,401,94,8,364,499,50,503,913,1416,1237
2017-05-01,301,231,2,222,259,114,534,595,1129,870
2017-05-12,482,118,,364,444,4,600,812,1412,140
2017-07-03,545,28,,141,370,,573,511,1084,427
2017-09-27,424,132,15,722,385,38,571,1145,1716,288
2017-12-09,509,56,52,577,960,62,617,1599,2216,154
2018-01-07,491,,,,,,491,0,491,
2018-04-06,738,132,16,647,414,110,886,1171,2057,356
2018-05-04,562,108,6,202,535,129,676,866,1542,97
2018-07-05,457,23,,8,426,12,480,446,926,2300
2018-07-19,620,65,,340,894,21,685,1255,1940,3068
2019-01-22,543,121,39,253,908,96,703,1257,1960,884
2019-02-26,446,281,13,308,1393,42,740,1743,2483,821
2019-03-17,304,31,,293,276,12,335,581,916,100
2019-03-23,352,,,155,690,51,352,896,1248,121
2019-04-11,743,169,6,415,1330,89,918,1834,2752,56
2019-04-18,1261,55,31,312,1487,258,1347,2057,3404,146
2016-04-27,262,115,22,592,179,207,399,978,1377,261
2016-05-20,345,6,1,228,256,69,352,553,905,131
2016-06-08,380,55,1,348,382,6,436,736,1172,454
2016-06-24,388,41,82,694,309,120,511,1123,1634,999
2016-10-24,122,91,11,147,586,26,224,759,983,361
2016-11-16,512,121,18,219,282,63,651,564,1215,751
2016-12-02,622,67,41,761,696,6,730,1463,2193,183
2017-02-23,449,77,,188,585,136,526,909,1435,56
2017-05-08,1857,128,31,67,266,181,2016,514,2530,67
2017-05-14,386,,,548,,,386,548,934,
2017-06-08,878,133,,611,823,40,1011,1474,2485,641
2017-06-09,870,28,,632,737,46,898,1415,2313,432
2017-06-23,716,32,,456,376,1,748,833,1581,1078
2017-08-16,707,92,6,217,544,116,805,877,1682,289
2017-09-04,206,,,,,,206,0,206,29
2017-09-12,526,86,,786,338,240,612,1364,1976,449
2017-10-01,291,,,,,,291,0,291,177
2017-12-29,837,26,11,773,927,3,874,1703,2577,831
2018-01-08,317,91,,946,518,93,408,1557,1965,423
2018-01-28,436,,,,,,436,0,436,
2018-03-19,541,85,39,326,984,19,665,1329,1994,1202
2018-04-29,407,,,66,,,407,66,473,
2018-05-21,734,30,29,345,513,108,793,966,1759,50
2018-06-07,794,140,,488,712,82,934,1282,2216,840
2018-08-04,996,27,53,1,1740,,1076,1741,2817,
2018-09-18,375,430,4,451,539,80,809,1070,1879,517
2018-10-06,606,32,,279,,,638,279,917,1304
2018-10-23,384,134,1,384,482,323,519,1189,1708,696
2018-11-04,505,,,,85,,505,85,590,
2019-03-18,553,83,174,933,799,6,810,1738,2548,1598
2019-04-14,868,10,,6,,,878,6,884,
2019-07-16,1693,240,48,519,1080,80,1981,1679,3660,765
2016-02-11,306,121,,119,533,,427,652,1079,269
2016-03-14,189,4,,112,659,108,193,879,1072,527
2016-03-16,455,85,,180,374,75,540,629,1169,676
2016-04-03,133,,,,,,133,0,133,
2016-05-05,1330,94,12,303,185,76,1436,564,2000,180
2016-08-24,698,73,62,151,1006,89,833,1246,2079,384
2016-10-21,513,58,20,176,270,26,591,472,1063,1289
2016-10-26,295,87,1,154,368,90,383,612,995,194
2016-11-08,221,39,54,243,581,76,314,900,1214,384
2017-03-02,357,103,3,251,517,42,463,810,1273,772
2017-07-02,774,,,,,,774,0,774,
2017-09-05,290,286,1,321,464,79,577,864,1441,67
2017-10-08,276,,,,,,276,0,276,275
2017-10-12,368,232,6,196,407,114,606,717,1323,1460
2017-11-28,510,202,24,913,808,15,736,1736,2472,122
2017-12-13,696,519,,507,602,86,1215,1195,2410,1304
2017-12-31,381,,,,,,381,0,381,
2018-03-06,343,178,69,349,564,109,590,1022,1612,1399
2018-03-11,554,,,,,,554,0,554,18
2018-03-17,967,38,,9,609,,1005,618,1623,505
2018-04-07,609,2,,200,845,139,611,1184,1795,45
2018-07-18,759,75,30,537,607,150,864,1294,2158,1987
2018-08-17,493,64,38,382,1073,146,595,1601,2196,630
2018-08-26,364,,,,,,364,0,364,
2018-09-04,262,175,,580,1017,40,437,1637,2074,652
2018-09-27,511,191,1,567,959,275,703,1801,2504,3490
2018-10-19,575,141,78,724,769,173,794,1666,2460,2019
2019-03-19,426,162,8,1132,452,354,596,1938,2534,1225
2019-04-08,717,50,115,863,1714,89,882,2666,3548,482
2019-06-25,1517,40,38,3,12,,1595,15,1610,2569
2019-07-24,2280,35,26,817,992,49,2341,1858,4199,1072
2016-02-03,285,47,,89,307,,332,396,728,411
2016-06-20,339,92,,119,514,73,431,706,1137,532
2016-08-07,295,,,,,,295,0,295,
2016-10-23,129,,,,,,129,0,129,
2017-02-06,642,102,,198,219,139,744,556,1300,133
2017-05-05,1169,,20,513,216,134,1189,863,2052,238
2017-06-10,623,59,,79,,,682,79,761,191
2017-06-18,755,,,177,,,755,177,932,
2017-10-21,365,66,,1,,,431,1,432,274
2017-11-08,3846,82,50,388,478,192,3978,1058,5036,534
2017-11-21,683,38,50,564,553,187,771,1304,2075,405
2018-01-19,515,22,,512,1013,57,537,1582,2119,878
2018-02-09,489,94,13,112,628,57,596,797,1393,1279
2018-02-10,662,38,24,101,,,724,101,825,521
2018-05-06,332,,,,,,332,0,332,
2018-05-23,786,100,1,1278,696,212,887,2186,3073,232
2018-09-14,690,43,73,389,1433,60,806,1882,2688,535
2019-03-02,471,10,,275,,,481,275,756,1113
2019-03-07,823,140,52,189,1274,118,1015,1581,2596,1282
2019-06-11,1272,147,1,1719,1182,141,1420,3042,4462,1965
2019-06-22,1591,16,,,,,1607,0,1607,1056
2016-02-12,229,76,20,165,261,17,325,443,768,531
2016-03-19,242,,,,,,242,0,242,575
2016-03-24,415,220,14,263,435,118,649,816,1465,256
2016-05-10,638,35,9,128,199,6,682,333,1015,117
2016-10-15,222,19,,1,,,241,1,242,1287
2016-10-31,206,18,1,160,609,,225,769,994,216
2017-06-28,882,88,1,307,550,256,971,1113,2084,1975
2018-02-14,590,82,40,179,493,112,712,784,1496,919
2018-03-30,609,103,38,56,,,750,56,806,985
2018-08-01,504,223,,472,1069,115,727,1656,2383,978
2018-09-22,120,12,,4,400,,132,404,536,518
2018-11-02,487,163,33,437,1316,123,683,1876,2559,708
2018-11-16,510,101,93,436,449,135,704,1020,1724,178
2019-01-02,604,51,32,924,1024,101,687,2049,2736,161
2019-01-04,675,54,103,420,1211,375,832,2006,2838,1041
2019-01-21,582,64,,109,574,32,646,715,1361,153
2019-05-01,1297,157,105,948,950,72,1559,1970,3529,1110
2016-01-22,340,,21,184,42,,361,226,587,468
2016-04-20,251,75,,268,368,,326,636,962,173
2016-04-26,268,103,,295,201,2,371,498,869,242
2016-06-06,251,5,,286,353,160,256,799,1055,112
2016-07-01,345,24,,227,84,55,369,366,735,888
2016-07-05,302,64,,212,362,4,366,578,944,844
2016-07-29,332,9,22,156,479,,363,635,998,203
2016-08-25,482,116,16,93,821,1,614,915,1529,588
2016-10-01,256,,,1,,,256,1,257,439
2016-10-03,177,32,,168,495,101,209,764,973,456
2016-10-17,239,28,6,169,236,54,273,459,732,456
2016-11-15,716,40,,533,195,43,756,771,1527,39
2017-03-30,582,248,18,391,790,85,848,1266,2114,689
2017-07-19,546,130,,213,373,97,676,683,1359,302
2017-09-19,343,80,34,376,380,102,457,858,1315,136
2017-09-22,438,71,24,390,474,135,533,999,1532,646
2017-10-14,182,21,1,2,,,204,2,206,311
2017-10-25,436,82,10,285,220,60,528,565,1093,724
2017-11-14,887,359,,336,376,147,1246,859,2105,1237
2018-01-10,538,357,16,668,205,48,911,921,1832,88
2018-02-05,373,23,9,190,557,18,405,765,1170,1969
2018-05-07,266,,7,213,610,59,273,882,1155,781
2018-05-16,1512,288,41,1657,402,128,1841,2187,4028,625
2018-07-03,630,161,,188,503,22,791,713,1504,2673
2018-11-07,443,126,37,192,535,91,606,818,1424,1161
2019-02-03,305,,,303,,,305,303,608,255
2019-03-01,512,431,20,336,1027,50,963,1413,2376,1113
2019-04-10,1023,161,,320,1435,96,1184,1851,3035,254
