date_utc,ttl_all_qty,ttl_in_qty,ttl_out_qty,out_cust_qty_cr,out_to_qty_cr,out_vr_qty_cr,in_cust_qty_rt,in_po_qty_cr,in_to_qty_cr
1/1/16,220,0,220,220,,,,,
1/2/16,217,0,217,217,,,,,
1/3/16,203,0,203,203,,,,,
1/4/16,733,434,299,298,1,,170,264,
1/5/16,920,469,451,426,25,,131,338,
1/6/16,902,405,497,425,71,1,146,258,1
1/7/16,854,427,427,371,47,9,92,249,86
1/8/16,880,521,359,304,55,,184,280,57
1/9/16,160,0,160,160,,,,,
1/10/16,166,0,166,166,,,,,
1/11/16,798,515,283,203,80,,228,287,
1/12/16,904,642,262,248,2,12,254,135,253
1/13/16,703,223,480,233,237,10,210,13,
1/14/16,659,447,212,195,17,,130,317,
1/15/16,724,398,326,234,92,,108,290,
1/16/16,119,0,119,119,,,,,
1/17/16,126,0,126,126,,,,,
1/18/16,475,337,138,138,,,,190,147
1/19/16,969,688,281,201,79,1,296,391,1
1/20/16,1021,631,390,310,71,9,283,288,60
1/21/16,886,531,355,346,6,3,218,183,130
1/22/16,586,221,365,284,62,19,179,42,
1/23/16,212,0,212,212,,,,,
1/24/16,190,0,190,190,,,,,
1/25/16,545,340,205,189,16,,137,166,37
1/26/16,706,436,270,222,45,3,142,234,60
1/27/16,812,513,299,196,83,20,144,369,
1/28/16,759,544,215,192,23,,28,420,96
1/29/16,909,432,477,330,147,,144,288,
1/30/16,161,0,161,161,,,,,
1/31/16,110,0,110,110,,,,,
2/1/16,702,624,78,73,,5,102,494,28
2/2/16,897,595,302,145,157,,387,160,48
2/3/16,806,412,394,302,92,,105,307,
2/4/16,912,552,360,218,59,83,166,246,140
2/5/16,167,28,139,112,27,,28,,
2/6/16,134,23,111,81,30,,23,,
2/7/16,94,0,94,94,,,,,
2/8/16,788,562,226,132,91,3,82,480,
2/9/16,1008,577,431,275,146,10,67,510,
2/10/16,1255,776,479,405,74,,225,502,49
2/11/16,1073,689,384,242,122,20,156,533,
2/12/16,769,394,375,302,73,,116,261,17
2/13/16,463,226,237,237,,,,226,
2/14/16,93,0,93,93,,,,,
2/15/16,440,280,160,130,30,,120,160,
2/16/16,982,535,447,350,90,7,116,366,53
2/17/16,942,648,294,179,113,2,84,337,227
2/18/16,1015,710,305,253,52,,113,390,207
2/19/16,804,404,400,314,86,,119,283,2
2/20/16,145,0,145,145,,,,,
2/21/16,129,0,129,129,,,,,
2/22/16,821,664,157,141,7,9,130,534,
2/23/16,1362,460,902,880,16,6,195,215,50
2/24/16,1301,710,591,570,21,,266,396,48
2/25/16,908,451,457,367,90,,192,257,2
2/26/16,1061,715,346,301,45,,140,381,194
2/27/16,792,499,293,293,,,,499,
2/28/16,110,0,110,107,3,,,,
2/29/16,770,479,291,287,2,2,139,340,
3/1/16,1069,438,631,561,34,36,130,260,48
3/2/16,750,415,335,294,39,2,160,219,36
3/3/16,795,454,341,243,98,,82,324,48
3/4/16,1121,759,362,298,63,1,314,419,26
3/5/16,229,0,229,229,,,,,
3/6/16,98,0,98,98,,,,,
3/7/16,726,603,123,119,4,,188,374,41
3/8/16,1151,782,369,310,43,16,201,538,43
3/9/16,1100,726,374,259,94,21,231,450,45
3/10/16,1426,982,444,358,70,16,362,573,47
3/11/16,1297,989,308,295,13,,197,791,1
3/12/16,347,0,347,347,,,,,
3/13/16,92,0,92,92,,,,,
3/14/16,1225,923,302,253,49,,156,659,108
3/15/16,1474,1071,403,340,63,,365,702,4
3/16/16,1115,610,505,364,141,,161,374,75
3/17/16,894,522,372,333,39,,156,233,133
3/18/16,937,692,245,231,14,,266,399,27
3/19/16,203,0,203,203,,,,,
3/20/16,112,0,112,112,,,,,
3/21/16,1159,835,324,310,14,,149,661,25
3/22/16,1194,749,445,363,82,,341,403,5
3/23/16,1140,691,449,377,72,,189,486,16
3/24/16,1475,794,681,376,291,14,241,435,118
3/25/16,421,1,420,360,59,1,1,,
3/26/16,124,0,124,124,,,,,
3/27/16,117,0,117,117,,,,,
3/28/16,722,461,261,229,32,,214,181,66
3/29/16,1273,863,410,343,49,18,153,710,
3/30/16,1727,1019,708,576,132,,307,560,152
3/31/16,1026,534,492,375,111,6,155,379,
4/1/16,564,233,331,288,3,40,125,75,33
4/2/16,370,211,159,159,,,,211,
4/3/16,159,0,159,152,7,,,,
4/4/16,690,506,184,184,,,139,299,68
4/5/16,1378,934,444,406,38,,419,407,108
4/6/16,1203,699,504,435,69,,242,415,42
4/7/16,1639,1186,453,346,107,,296,730,160
4/8/16,1518,853,665,639,26,,157,680,16
4/9/16,448,0,448,448,,,,,
4/10/16,101,0,101,101,,,,,
4/11/16,964,692,272,168,95,9,477,131,84
4/12/16,990,683,307,207,100,,398,264,21
4/13/16,866,502,364,304,60,,218,274,10
4/14/16,857,554,303,270,33,,311,241,2
4/15/16,1260,703,557,422,121,14,186,458,59
4/16/16,176,0,176,176,,,,,
4/17/16,134,9,125,125,,,9,,
4/18/16,1566,1243,323,194,126,3,1117,85,41
4/19/16,704,527,177,174,3,,206,321,
4/20/16,1151,635,516,420,96,,267,368,
4/21/16,614,308,306,229,71,6,161,146,1
4/22/16,821,582,239,188,48,3,220,208,154
4/23/16,119,0,119,119,,,,,
4/24/16,145,1,144,139,5,,1,,
4/25/16,762,478,284,155,129,,308,145,25
4/26/16,920,513,407,286,121,,310,201,2
4/27/16,1424,981,443,311,85,47,595,179,207
4/28/16,1104,874,230,196,33,1,488,231,155
4/29/16,650,383,267,261,6,,231,152,
4/30/16,168,0,168,168,,,,,
5/1/16,186,0,186,109,77,,,,
5/2/16,1571,1205,366,271,95,,752,453,
5/3/16,659,270,389,356,29,4,4,265,1
5/4/16,1201,526,675,569,106,,282,156,88
5/5/16,2027,568,1459,1382,65,12,307,185,76
5/6/16,964,375,589,582,7,,301,66,8
5/7/16,284,0,284,284,,,,,
5/8/16,231,0,231,231,,,,,
5/9/16,1623,555,1068,1012,18,38,254,299,2
5/10/16,1039,322,717,586,71,60,117,199,6
5/11/16,1595,1088,507,457,50,,684,218,186
5/12/16,977,573,404,264,79,61,140,404,29
5/13/16,850,516,334,331,,3,249,237,30
5/14/16,148,0,148,148,,,,,
5/15/16,158,0,158,158,,,,,
5/16/16,1097,869,228,211,17,,215,514,140
5/17/16,1460,1007,453,403,48,2,655,352,
5/18/16,1310,657,653,527,126,,244,398,15
5/19/16,881,548,333,291,42,,426,122,
5/20/16,852,539,313,309,3,1,214,256,69
5/21/16,485,301,184,184,,,301,,
5/22/16,197,0,197,197,,,,,
5/23/16,1487,1147,340,323,17,,454,586,107
5/24/16,1066,713,353,273,78,2,305,252,156
5/25/16,1638,1019,619,474,139,6,489,424,106
5/26/16,1152,865,287,261,26,,398,448,19
5/27/16,1243,683,560,560,,,303,308,72
5/28/16,459,0,459,459,,,,,
5/29/16,267,0,267,267,,,,,
5/30/16,245,0,245,245,,,,,
5/31/16,1268,747,521,445,76,,161,493,93
6/1/16,2485,1665,820,679,83,58,808,780,77
6/2/16,2010,1558,452,415,36,1,1243,314,1
6/3/16,1154,677,477,457,20,,361,315,1
6/4/16,338,108,230,230,,,108,,
6/5/16,194,0,194,194,,,,,
6/6/16,1083,810,273,265,8,,297,353,160
6/7/16,963,513,450,404,46,,120,348,45
6/8/16,1242,748,494,438,55,1,360,382,6
6/9/16,1143,766,377,331,46,,168,532,66
6/10/16,1308,813,495,494,1,,190,581,42
6/11/16,379,1,378,378,,,1,,
6/12/16,223,0,223,223,,,,,
6/13/16,1772,1293,479,411,40,28,309,979,5
6/14/16,1724,911,813,549,264,,233,623,55
6/15/16,970,181,789,598,186,5,89,92,
6/16/16,1494,585,909,601,221,87,298,263,24
6/17/16,1016,416,600,599,,1,195,185,36
6/18/16,304,0,304,304,,,,,
6/19/16,255,0,255,255,,,,,
6/20/16,1201,734,467,375,92,,147,514,73
6/21/16,1266,614,652,491,70,91,163,447,4
6/22/16,1508,790,718,657,52,9,174,484,132
6/23/16,1557,993,564,512,52,,613,309,71
6/24/16,1337,865,472,347,43,82,436,309,120
6/25/16,298,0,298,298,,,,,
6/26/16,221,0,221,221,,,,,
6/27/16,992,697,295,257,38,,137,453,107
6/28/16,1294,744,550,471,79,,176,517,51
6/29/16,1048,587,461,425,36,,164,324,99
6/30/16,1269,712,557,431,126,,200,478,34
7/1/16,656,358,298,297,1,,219,84,55
7/2/16,869,529,340,340,,,76,453,
7/3/16,249,0,249,249,,,,,
7/4/16,275,4,271,232,39,,4,,
7/5/16,942,592,350,295,55,,226,362,4
7/6/16,1265,791,474,403,35,36,232,388,171
7/7/16,949,561,388,331,57,,264,295,2
7/8/16,676,318,358,285,4,69,116,202,
7/9/16,241,0,241,241,,,,,
7/10/16,129,0,129,129,,,,,
7/11/16,698,452,246,212,26,8,116,334,2
7/12/16,935,597,338,269,69,,223,294,80
7/13/16,1089,753,336,305,31,,197,424,132
7/14/16,890,504,386,222,114,50,156,289,59
7/15/16,898,428,470,272,196,2,185,219,24
7/16/16,322,0,322,322,,,,,
7/17/16,186,0,186,186,,,,,
7/18/16,1158,719,439,218,221,,163,550,6
7/19/16,1045,659,386,294,76,16,117,534,8
7/20/16,1288,945,343,331,12,,168,712,65
7/21/16,1182,439,743,539,186,18,83,356,
7/22/16,830,510,320,297,23,,86,410,14
7/23/16,285,0,285,285,,,,,
7/24/16,157,0,157,157,,,,,
7/25/16,898,646,252,197,55,,203,331,112
7/26/16,1086,591,495,347,136,12,186,354,51
7/27/16,1060,625,435,392,43,,114,370,141
7/28/16,1746,1015,731,704,5,22,112,901,2
7/29/16,1083,639,444,434,10,,160,479,
7/30/16,249,0,249,249,,,,,
7/31/16,216,0,216,216,,,,,
8/1/16,833,511,322,278,26,18,83,389,39
8/2/16,1111,570,541,478,38,25,110,427,33
8/3/16,1402,858,544,431,113,,372,331,155
8/4/16,1148,820,328,289,39,,117,559,144
8/5/16,1048,575,473,389,69,15,97,478,
8/6/16,299,0,299,299,,,,,
8/7/16,165,0,165,165,,,,,
8/8/16,1081,619,462,310,137,15,122,496,1
8/9/16,1078,599,479,388,71,20,146,374,79
8/10/16,1056,595,461,347,72,42,125,380,90
8/11/16,864,522,342,250,92,,107,401,14
8/12/16,981,593,388,201,175,12,123,404,66
8/13/16,574,415,159,159,,,,415,
8/14/16,154,0,154,154,,,,,
8/15/16,995,722,273,227,42,4,100,618,4
8/16/16,1292,578,714,656,8,50,52,406,120
8/17/16,1223,720,503,413,90,,20,580,120
8/18/16,1280,701,579,469,95,15,4,697,
8/19/16,1661,586,1075,1052,22,1,118,468,
8/20/16,1706,1395,311,309,2,,94,1246,55
8/21/16,129,0,129,129,,,,,
8/22/16,1203,795,408,365,40,3,111,684,
8/23/16,1775,1073,702,591,49,62,193,842,38
8/24/16,1611,1233,378,306,72,,138,1006,89
8/25/16,1694,922,772,669,87,16,100,821,1
8/26/16,1421,1075,346,318,28,,267,808,
8/27/16,298,0,298,298,,,,,
8/28/16,114,0,114,114,,,,,
8/29/16,943,696,247,139,108,,83,608,5
8/30/16,1305,961,344,244,100,,213,657,91
8/31/16,1257,790,467,452,15,,181,435,174
9/1/16,1094,597,497,372,122,3,123,471,3
9/2/16,1166,687,479,348,129,2,262,425,
9/3/16,497,239,258,257,,1,,149,90
9/4/16,122,0,122,122,,,,,
9/5/16,183,0,183,124,58,1,,,
9/6/16,1023,726,297,171,126,,267,459,
9/7/16,1355,951,404,329,75,,191,679,81
9/8/16,1420,979,441,381,21,39,221,758,
9/9/16,1339,752,587,372,187,28,403,339,10
9/10/16,804,694,110,110,,,309,385,
9/11/16,152,0,152,152,,,,,
9/12/16,1434,735,699,262,437,,318,359,58
9/13/16,1352,736,616,482,134,,107,570,59
9/14/16,1120,659,461,262,199,,251,272,136
9/15/16,1352,888,464,324,106,34,265,488,135
9/16/16,1001,734,267,254,13,,58,514,162
9/17/16,749,604,145,145,,,101,419,84
9/18/16,172,0,172,172,,,,,
9/19/16,1267,903,364,233,118,13,491,412,
9/20/16,1618,1072,546,433,89,24,242,567,263
9/21/16,1321,820,501,329,172,,449,211,160
9/22/16,1286,787,499,439,47,13,228,363,196
9/23/16,975,754,221,220,,1,281,436,37
9/24/16,356,4,352,327,25,,,4,
9/25/16,153,0,153,153,,,,,
9/26/16,1367,1101,266,227,38,1,300,801,
9/27/16,1448,806,642,420,222,,157,648,1
9/28/16,1176,662,514,475,39,,164,403,95
9/29/16,839,495,344,200,143,1,167,274,54
9/30/16,796,612,184,183,1,,211,278,123
10/1/16,249,0,249,249,,,,,
10/2/16,111,0,111,111,,,,,
10/3/16,998,776,222,185,37,,180,495,101
10/4/16,1101,619,482,359,120,3,248,233,138
10/5/16,1233,816,417,327,85,5,394,329,93
10/6/16,1321,773,548,203,345,,335,319,119
10/7/16,648,420,228,172,33,23,260,160,
10/8/16,295,117,178,178,,,117,,
10/9/16,164,0,164,164,,,,,
10/10/16,823,483,340,147,132,61,228,184,71
10/11/16,915,690,225,218,7,,298,362,30
10/12/16,869,558,311,251,60,,321,109,128
10/13/16,1037,825,212,210,2,,561,216,48
10/14/16,767,558,209,190,19,,221,325,12
10/15/16,218,0,218,218,,,,,
10/16/16,228,0,228,228,,,,,
10/17/16,843,463,380,286,84,10,173,236,54
10/18/16,1097,592,505,381,93,31,273,217,102
10/19/16,1017,731,286,206,72,8,249,448,34
10/20/16,908,428,480,350,116,14,189,152,87
10/21/16,930,457,473,420,45,8,161,270,26
10/22/16,181,0,181,173,8,,,,
10/23/16,105,0,105,105,,,,,
10/24/16,1035,769,266,164,91,11,157,586,26
10/25/16,1057,636,421,245,174,2,265,345,26
10/26/16,984,609,375,234,141,,151,368,90
10/27/16,2097,1507,590,496,85,9,658,716,133
10/28/16,714,433,281,271,10,,128,287,18
10/29/16,682,495,187,187,,,192,301,2
10/30/16,224,0,224,224,,,,,
10/31/16,1060,774,286,227,58,1,165,609,
11/1/16,1041,590,451,427,23,1,113,467,10
11/2/16,1421,902,519,363,156,,227,614,61
11/3/16,1317,1065,252,204,47,1,540,429,96
11/4/16,1169,808,361,354,,7,177,542,89
11/5/16,168,0,168,168,,,,,
11/6/16,153,0,153,153,,,,,
11/7/16,857,560,297,236,36,25,176,247,137
11/8/16,1439,981,458,365,20,73,324,581,76
11/9/16,3349,589,2760,2435,297,28,1,455,133
11/10/16,1568,732,836,734,31,71,345,335,52
11/11/16,1057,475,582,569,13,,138,334,3
11/12/16,1189,736,453,412,41,,319,417,
11/13/16,484,0,484,484,,,,,
11/14/16,2070,917,1153,1042,30,81,705,167,45
11/15/16,1133,458,675,613,62,,220,195,43
11/16/16,1295,597,698,557,107,34,252,282,63
11/17/16,1129,535,594,500,77,17,156,370,9
11/18/16,1394,834,560,462,74,24,393,441,
11/19/16,1241,889,352,352,,,296,583,10
11/20/16,314,0,314,314,,,,,
11/21/16,1473,819,654,484,43,127,387,422,10
11/22/16,1870,1069,801,611,190,,296,773,
11/23/16,1932,1241,691,674,17,,227,979,35
11/24/16,1105,583,522,519,3,,264,301,18
11/25/16,1656,758,898,573,217,108,319,384,55
11/26/16,1385,952,433,433,,,269,642,41
11/27/16,365,0,365,365,,,,,
11/28/16,1874,919,955,639,241,75,350,565,4
11/29/16,2276,1132,1144,810,223,111,488,563,81
11/30/16,2512,1499,1013,587,423,3,464,995,40
12/1/16,1897,1274,623,480,102,41,725,549,
12/2/16,2013,1369,644,638,6,,667,696,6
12/3/16,2192,1509,683,661,22,,773,736,
12/4/16,671,438,233,233,,,71,240,127
12/5/16,1545,896,649,462,186,1,325,449,122
12/6/16,1756,1198,558,518,40,,595,578,25
12/7/16,1368,784,584,505,72,7,207,498,79
12/8/16,1831,844,987,819,56,112,204,640,
12/9/16,1408,991,417,414,3,,239,651,101
12/10/16,853,159,694,528,166,,135,24,
12/11/16,482,0,482,482,,,,,
12/12/16,1550,578,972,659,313,,227,329,22
12/13/16,2244,1459,785,614,76,95,449,1009,1
12/14/16,2013,1247,766,732,34,,467,498,282
12/15/16,1982,1267,715,567,33,115,437,669,161
12/16/16,2366,1275,1091,893,162,36,300,975,
12/17/16,1138,298,840,729,111,,298,,
12/18/16,609,56,553,553,,,56,,
12/19/16,1479,727,752,467,124,161,263,408,56
12/20/16,2086,1040,1046,627,29,390,285,755,
12/21/16,1547,904,643,544,94,5,355,421,128
12/22/16,1584,829,755,677,60,18,303,335,191
12/23/16,1443,930,513,431,27,55,277,543,110
12/24/16,1071,120,951,951,,,120,,
12/25/16,490,0,490,490,,,,,
12/26/16,196,0,196,196,,,,,
12/27/16,1000,609,391,282,107,2,152,423,34
12/28/16,1243,756,487,373,114,,258,384,114
12/29/16,1875,1189,686,537,33,116,162,1027,
12/30/16,1023,354,669,667,2,,100,185,69
12/31/16,417,116,301,301,,,116,,
1/1/17,152,0,152,152,,,,,
1/2/17,143,0,143,143,,,,,
1/3/17,1376,913,463,390,73,,201,574,138
1/4/17,1582,948,634,559,73,2,226,527,195
1/5/17,2001,1293,708,652,56,,145,1040,108
1/6/17,2461,1675,786,761,25,,186,1358,131
1/7/17,800,236,564,490,74,,236,,
1/8/17,355,0,355,355,,,,,
1/9/17,1761,1140,621,370,66,185,110,918,112
1/10/17,2256,1489,767,734,16,17,283,1121,85
1/11/17,1631,840,791,578,213,,245,459,136
1/12/17,1651,852,799,777,,22,174,598,80
1/13/17,414,1,413,363,42,8,1,,
1/14/17,281,0,281,257,24,,,,
1/15/17,236,0,236,236,,,,,
1/16/17,777,417,360,262,98,,230,179,8
1/17/17,1369,675,694,316,348,30,201,456,18
1/18/17,1293,577,716,580,136,,209,284,84
1/19/17,1265,662,603,555,44,4,197,344,121
1/20/17,1060,598,462,418,44,,171,368,59
1/21/17,417,0,417,417,,,,,
1/22/17,310,0,310,301,9,,,,
1/23/17,1336,1022,314,272,,42,367,603,52
1/24/17,1464,878,586,332,209,45,527,324,27
1/25/17,1378,818,560,474,86,,527,179,112
1/26/17,980,574,406,323,80,3,244,325,5
1/27/17,818,443,375,298,47,30,205,222,16
1/28/17,263,1,262,253,9,,1,,
1/29/17,188,0,188,188,,,,,
1/30/17,921,600,321,259,62,,249,257,94
1/31/17,949,518,431,403,20,8,261,216,41
2/1/17,1261,547,714,381,271,62,189,260,98
2/2/17,884,523,361,324,36,1,248,166,109
2/3/17,1273,900,373,340,28,5,371,468,61
2/4/17,35,0,35,35,,,,,
2/5/17,3,0,3,3,,,,,
2/6/17,1558,643,915,756,153,6,285,219,139
2/7/17,1359,723,636,418,148,70,336,382,5
2/8/17,1531,717,814,418,156,240,307,370,40
2/9/17,796,356,440,353,15,72,169,187,
2/10/17,1215,614,601,294,300,7,151,408,55
2/11/17,272,0,272,272,,,,,
2/12/17,241,0,241,241,,,,,
2/13/17,1173,756,417,272,104,41,96,660,
2/14/17,1443,1070,373,169,201,3,615,423,32
2/15/17,1840,1049,791,669,122,,468,490,91
2/16/17,1173,663,510,358,100,52,288,254,121
2/17/17,1337,951,386,385,1,,220,586,145
2/18/17,359,2,357,357,,,2,,
2/19/17,212,0,212,212,,,,,
2/20/17,1201,896,305,253,49,3,200,553,143
2/21/17,1277,836,441,353,38,50,268,374,194
2/22/17,1628,1105,523,414,109,,251,740,114
2/23/17,1715,980,735,685,50,,259,585,136
2/24/17,1862,811,1051,950,88,13,112,636,63
2/25/17,1349,727,622,622,,,80,641,6
2/26/17,258,0,258,258,,,,,
2/27/17,1430,884,546,319,224,3,186,688,10
2/28/17,909,670,239,228,11,,57,523,90
3/1/17,1293,764,529,469,60,,389,347,28
3/2/17,1254,796,458,388,67,3,237,517,42
3/3/17,1065,712,353,346,7,,186,516,10
3/4/17,1095,678,417,417,,,,678,
3/5/17,504,0,504,504,,,,,
3/6/17,1580,1210,370,294,64,12,390,782,38
3/7/17,1643,789,854,754,53,47,197,532,60
3/8/17,1176,719,457,378,79,,208,429,82
3/9/17,1689,1117,572,469,103,,557,426,134
3/10/17,1406,870,536,509,27,,324,544,2
3/11/17,761,468,293,293,,,1,467,
3/12/17,403,0,403,403,,,,,
3/13/17,1269,907,362,297,65,,189,628,90
3/14/17,417,0,417,399,18,,,,
3/15/17,1112,702,410,220,120,70,133,346,223
3/16/17,1346,907,439,214,221,4,34,800,73
3/17/17,1420,1007,413,317,96,,419,472,116
3/18/17,796,508,288,288,,,,489,19
3/19/17,346,0,346,254,92,,,,
3/20/17,1549,965,584,563,21,,320,645,
3/21/17,1827,1186,641,602,16,23,546,617,23
3/22/17,2378,1298,1080,844,221,15,297,914,87
3/23/17,2431,1143,1288,902,342,44,288,704,151
3/24/17,1717,1063,654,534,120,,182,837,44
3/25/17,1275,717,558,558,,,191,468,58
3/26/17,368,0,368,367,1,,,,
3/27/17,1561,1016,545,382,144,19,250,647,119
3/28/17,1575,976,599,509,90,,427,499,50
3/29/17,2176,1587,589,477,112,,337,1091,159
3/30/17,1956,1129,827,643,166,18,254,790,85
3/31/17,1425,782,643,569,35,39,178,585,19
4/1/17,1387,842,545,545,,,203,639,
4/2/17,511,0,511,511,,,,,
4/3/17,1617,1131,486,382,90,14,219,819,93
4/4/17,1852,1265,587,443,99,45,605,619,41
4/5/17,1413,745,668,586,69,13,226,390,129
4/6/17,1558,1012,546,465,81,,334,580,98
4/7/17,1516,987,529,412,67,50,377,494,116
4/8/17,1523,939,584,584,,,430,509,
4/9/17,309,0,309,309,,,,,
4/10/17,1043,658,385,306,79,,158,458,42
4/11/17,2102,1387,715,580,115,20,663,551,173
4/12/17,1525,840,685,422,263,,375,378,87
4/13/17,1730,1052,678,418,260,,285,630,137
4/14/17,348,1,347,304,31,12,1,,
4/15/17,488,269,219,219,,,,269,
4/16/17,268,0,268,191,77,,,,
4/17/17,2298,1756,542,519,23,,1125,580,51
4/18/17,2645,1589,1056,656,400,,1042,422,125
4/19/17,1626,920,706,568,138,,276,594,50
4/20/17,1287,788,499,412,87,,1,638,149
4/21/17,3007,2486,521,461,50,10,1480,835,171
4/22/17,1135,427,708,692,16,,427,,
4/23/17,347,0,347,345,2,,,,
4/24/17,1953,1193,760,298,217,245,2,1106,85
4/25/17,2236,1628,608,463,124,21,1019,474,135
4/26/17,1530,970,560,433,95,32,528,339,103
4/27/17,1205,702,503,435,67,1,90,534,78
4/28/17,1426,623,803,420,364,19,419,120,84
4/29/17,422,88,334,334,,,88,,
4/30/17,331,0,331,331,,,,,
5/1/17,1390,770,620,344,239,37,397,259,114
5/2/17,1325,896,429,419,9,1,633,137,126
5/3/17,1716,576,1140,1063,75,2,206,178,192
5/4/17,5209,1974,3235,3170,65,,1747,188,39
5/5/17,1755,609,1146,1099,27,20,259,216,134
5/6/17,1101,482,619,619,,,482,,
5/7/17,679,0,679,679,,,,,
5/8/17,2669,561,2108,1891,186,31,114,266,181
5/9/17,1973,946,1027,961,56,10,490,399,57
5/10/17,2519,1422,1097,909,152,36,924,412,86
5/11/17,1379,799,580,507,73,,303,360,136
5/12/17,1377,813,564,491,73,,365,444,4
5/13/17,998,581,417,417,,,569,,12
5/14/17,509,0,509,509,,,,,
5/15/17,1083,504,579,499,60,20,245,199,60
5/16/17,2343,1442,901,759,140,2,975,422,45
5/17/17,1643,906,737,641,84,12,371,430,105
5/18/17,2986,2265,721,592,129,,1649,508,108
5/19/17,2220,1194,1026,749,277,,582,368,244
5/20/17,1728,1331,397,397,,,1331,,
5/21/17,403,0,403,403,,,,,
5/22/17,3300,2615,685,475,128,82,1709,711,195
5/23/17,2383,1701,682,577,66,39,963,627,111
5/24/17,2653,1985,668,604,64,,1126,791,68
5/25/17,2573,1849,724,614,110,,1025,731,93
5/26/17,2774,1615,1159,1076,82,1,675,882,58
5/27/17,1568,770,798,798,,,378,390,2
5/28/17,479,0,479,479,,,,,
5/29/17,683,5,678,678,,,5,,
5/30/17,2334,1353,981,578,397,6,685,627,41
5/31/17,2680,1715,965,581,383,1,1068,512,135
6/1/17,2417,1540,877,671,206,,720,780,40
6/2/17,1627,897,730,723,7,,415,473,9
6/3/17,876,319,557,455,102,,319,,
6/4/17,405,0,405,403,2,,,,
6/5/17,1493,833,660,417,118,125,518,315,
6/6/17,2754,1525,1229,964,127,138,611,759,155
6/7/17,1931,942,989,924,65,,231,427,284
6/8/17,2468,1600,868,752,116,,737,823,40
6/9/17,2242,1274,968,891,77,,491,737,46
6/10/17,668,85,583,574,9,,85,,
6/11/17,520,0,520,520,,,,,
6/12/17,1147,486,661,551,110,,78,315,93
6/13/17,2197,1318,879,702,177,,900,346,72
6/14/17,1809,919,890,823,67,,233,519,167
6/15/17,1908,926,982,755,227,,365,472,89
6/16/17,1878,1127,751,638,113,,218,865,44
6/17/17,1655,948,707,707,,,184,764,
6/18/17,792,1,791,791,,,1,,
6/19/17,1476,835,641,525,116,,161,674,
6/20/17,1779,963,816,618,195,3,444,472,47
6/21/17,2268,1246,1022,867,155,,429,613,204
6/22/17,1967,1136,831,694,137,,550,512,74
6/23/17,1360,612,748,744,4,,235,376,1
6/24/17,624,17,607,607,,,17,,
6/25/17,435,38,397,397,,,38,,
6/26/17,1201,609,592,496,95,1,153,456,
6/27/17,1799,1153,646,549,83,14,414,603,136
6/28/17,2185,1028,1157,1053,104,,222,550,256
6/29/17,1593,811,782,710,72,,237,444,130
6/30/17,1295,634,661,537,101,23,210,322,102
7/1/17,1006,87,919,919,,,,87,
7/2/17,682,0,682,682,,,,,
7/3/17,1112,511,601,573,28,,141,370,
7/4/17,919,389,530,529,1,,389,,
7/5/17,1639,791,848,463,377,8,212,539,40
7/6/17,1769,1219,550,494,56,,300,847,72
7/7/17,2271,1588,683,669,13,1,924,566,98
7/8/17,406,0,406,406,,,,,
7/9/17,300,0,300,300,,,,,
7/10/17,1766,1233,533,448,60,25,659,500,74
7/11/17,2085,1354,731,530,201,,697,610,47
7/12/17,1580,922,658,477,160,21,267,597,58
7/13/17,1383,748,635,566,69,,202,513,33
7/14/17,2234,1148,1086,709,377,,138,753,257
7/15/17,521,89,432,432,,,89,,
7/16/17,252,0,252,252,,,,,
7/17/17,2337,1966,371,310,39,22,1471,474,21
7/18/17,1558,816,742,448,275,19,267,508,41
7/19/17,1419,683,736,584,150,2,213,373,97
7/20/17,1710,922,788,725,63,,318,595,9
7/21/17,1818,1211,607,570,37,,293,871,47
7/22/17,552,87,465,465,,,87,,
7/23/17,276,0,276,276,,,,,
7/24/17,1487,899,588,372,191,25,177,572,150
7/25/17,1527,788,739,534,127,78,172,551,65
7/26/17,1300,640,660,501,136,23,161,443,36
7/27/17,1740,1019,721,646,75,,490,468,61
7/28/17,1115,627,488,395,57,36,167,325,135
7/29/17,440,98,342,342,,,98,,
7/30/17,263,0,263,263,,,,,
7/31/17,1499,1056,443,358,65,20,74,896,86
8/1/17,1561,970,591,430,148,13,288,614,68
8/2/17,1346,695,651,464,161,26,199,476,20
8/3/17,1787,1043,744,591,134,19,289,573,181
8/4/17,1411,871,540,492,21,27,339,406,126
8/5/17,456,112,344,344,,,112,,
8/6/17,227,0,227,227,,,,,
8/7/17,2126,1602,524,475,41,8,252,1211,139
8/8/17,3069,1951,1118,1011,107,,280,1608,63
8/9/17,3305,1997,1308,1058,250,,402,1471,124
8/10/17,3146,1804,1342,1027,289,26,218,1471,115
8/11/17,2258,1134,1124,946,147,31,249,771,114
8/12/17,591,0,591,591,,,,,
8/13/17,338,0,338,338,,,,,
8/14/17,1298,613,685,561,91,33,355,219,39
8/15/17,1837,1165,672,644,22,6,168,874,123
8/16/17,1865,874,991,784,201,6,214,544,116
8/17/17,2513,1720,793,600,144,49,507,1139,74
8/18/17,2106,1144,962,815,93,54,281,844,19
8/19/17,589,0,589,589,,,,,
8/20/17,224,0,224,224,,,,,
8/21/17,1548,1092,456,328,118,10,358,619,115
8/22/17,1966,1293,673,564,109,,283,957,53
8/23/17,2197,1332,865,791,53,21,327,850,155
8/24/17,1603,968,635,518,117,,280,668,20
8/25/17,1543,903,640,603,37,,333,532,38
8/26/17,373,0,373,364,9,,,,
8/27/17,174,0,174,174,,,,,
8/28/17,1241,774,467,347,101,19,153,496,125
8/29/17,1340,691,649,501,139,9,140,472,79
8/30/17,1451,867,584,409,146,29,210,607,50
8/31/17,1913,922,991,917,70,4,201,556,165
9/1/17,1296,624,672,619,37,16,87,537,
9/2/17,317,0,317,317,,,,,
9/3/17,232,0,232,227,5,,,,
9/4/17,199,0,199,199,,,,,
9/5/17,1507,876,631,333,286,12,333,464,79
9/6/17,1636,1057,579,429,141,9,321,593,143
9/7/17,1811,1147,664,499,163,2,329,798,20
9/8/17,1768,875,893,757,88,48,626,249,
9/9/17,813,488,325,320,5,,488,,
9/10/17,1123,859,264,225,39,,,859,
9/11/17,1711,1115,596,468,128,,549,429,137
9/12/17,2101,1474,627,518,106,3,896,338,240
9/13/17,1524,1300,224,164,60,,752,341,207
9/14/17,1500,1146,354,183,166,5,353,691,102
9/15/17,1528,837,691,547,144,,307,502,28
9/16/17,664,0,664,664,,,,,
9/17/17,210,0,210,210,,,,,
9/18/17,1348,1018,330,205,124,1,355,633,30
9/19/17,1288,855,433,348,52,33,373,380,102
9/20/17,1579,979,600,362,230,8,376,456,147
9/21/17,1899,1330,569,493,59,17,529,670,131
9/22/17,1428,999,429,355,50,24,390,474,135
9/23/17,999,548,451,451,,,1,547,
9/24/17,293,0,293,293,,,,,
9/25/17,1328,888,440,307,100,33,317,515,56
9/26/17,2054,1475,579,437,125,17,878,531,66
9/27/17,1301,739,562,468,90,4,316,385,38
9/28/17,1425,860,565,424,141,,455,328,77
9/29/17,1223,736,487,370,45,72,260,410,66
9/30/17,314,0,314,314,,,,,
10/1/17,218,0,218,206,12,,,,
10/2/17,940,459,481,255,163,63,196,245,18
10/3/17,1404,976,428,318,110,,339,458,179
10/4/17,1633,990,643,310,224,109,466,448,76
10/5/17,1539,999,540,430,100,10,561,436,2
10/6/17,1734,1114,620,515,93,12,512,496,106
10/7/17,431,0,431,431,,,,,
10/8/17,187,0,187,187,,,,,
10/9/17,1717,1188,529,408,121,,422,666,100
10/10/17,1427,935,492,449,43,,509,373,53
10/11/17,1889,1097,792,351,441,,365,521,211
10/12/17,1417,721,696,406,273,17,200,407,114
10/13/17,1178,810,368,316,51,1,257,383,170
10/14/17,161,0,161,161,,,,,
10/15/17,158,0,158,158,,,,,
10/16/17,1461,888,573,391,129,53,361,473,54
10/17/17,2033,1191,842,590,242,10,497,546,148
10/18/17,1411,819,592,439,141,12,300,439,80
10/19/17,1306,776,530,477,52,1,255,369,152
10/20/17,1494,915,579,463,116,,208,630,77
10/21/17,250,0,250,250,,,,,
10/22/17,222,0,222,222,,,,,
10/23/17,969,476,493,252,238,3,231,96,149
10/24/17,1197,872,325,300,25,,251,463,158
10/25/17,1153,566,587,458,119,10,286,220,60
10/26/17,1542,1046,496,313,113,70,379,540,127
10/27/17,1324,989,335,256,79,,402,369,218
10/28/17,233,0,233,233,,,,,
10/29/17,150,0,150,150,,,,,
10/30/17,1251,851,400,313,65,22,325,425,101
10/31/17,1467,1020,447,417,30,,286,633,101
11/1/17,1762,1253,509,311,165,33,805,413,35
11/2/17,1253,569,684,381,290,13,188,331,50
11/3/17,1513,1016,497,327,123,47,349,605,62
11/4/17,312,0,312,312,,,,,
11/5/17,1034,0,1034,1034,,,,,
11/6/17,2403,1156,1247,928,196,123,401,699,56
11/7/17,1793,1077,716,591,125,,356,535,186
11/8/17,5205,1041,4164,3931,181,52,371,478,192
11/9/17,2102,1002,1100,747,78,275,315,546,141
11/10/17,2059,1167,892,883,5,4,263,798,106
11/11/17,731,160,571,571,,,160,,
11/12/17,458,0,458,458,,,,,
11/13/17,2412,839,1573,1304,269,,306,515,18
11/14/17,1762,747,1015,861,154,,224,376,147
11/15/17,1735,1127,608,544,28,36,576,513,38
11/16/17,1802,1086,716,599,88,29,389,670,27
11/17/17,1722,796,926,670,52,204,72,519,205
11/18/17,792,417,375,375,,,23,343,51
11/19/17,562,0,562,562,,,,,
11/20/17,2973,2155,818,740,48,30,1298,856,1
11/21/17,2271,1466,805,725,44,36,726,553,187
11/22/17,1835,1278,557,511,39,7,747,468,63
11/23/17,514,0,514,508,6,,,,
11/24/17,1870,1241,629,531,31,67,647,523,71
11/25/17,1612,992,620,620,,,359,633,
11/26/17,514,0,514,514,,,,,
11/27/17,2357,1628,729,566,139,24,793,713,122
11/28/17,2435,1574,861,614,242,5,751,808,15
11/29/17,2162,1498,664,621,43,,998,474,26
11/30/17,2622,1829,793,540,177,76,1160,575,94
12/1/17,2475,1744,731,615,89,27,1181,482,81
12/2/17,1465,965,500,500,,,567,348,50
12/3/17,482,0,482,482,,,,,
12/4/17,2175,1405,770,586,64,120,847,553,5
12/5/17,2333,1730,603,559,44,,1139,511,80
12/6/17,2317,1522,795,713,82,,961,394,167
12/7/17,1925,1059,866,710,156,,403,566,90
12/8/17,2145,1447,698,538,108,52,577,816,54
12/9/17,2499,1601,898,898,,,579,960,62
12/10/17,757,0,757,757,,,,,
12/11/17,2008,1056,952,687,218,47,448,608,
12/12/17,2481,1441,1040,851,165,24,558,879,4
12/13/17,2541,1167,1374,958,415,1,479,602,86
12/14/17,2033,1015,1018,860,131,27,371,595,49
12/15/17,2084,1203,881,822,36,23,201,892,110
12/16/17,1794,876,918,918,,,122,708,46
12/17/17,908,0,908,908,,,,,
12/18/17,2071,996,1075,817,123,135,200,781,15
12/19/17,2305,1476,829,646,172,11,397,919,160
12/20/17,1914,1148,766,706,60,,259,747,142
12/21/17,1998,1232,766,667,99,,341,754,137
12/22/17,1805,1155,650,650,,,205,810,140
12/23/17,2453,946,1507,1507,,,,883,63
12/24/17,733,0,733,733,,,,,
12/25/17,215,0,215,215,,,,,
12/26/17,2049,1664,385,351,30,4,806,733,125
12/27/17,2993,2291,702,686,16,,907,1173,211
12/28/17,2670,1813,857,809,39,9,727,1003,83
12/29/17,2140,1414,726,698,26,2,484,927,3
12/30/17,762,275,487,487,,,275,,
12/31/17,238,0,238,238,,,,,
1/1/18,164,0,164,164,,,,,
1/2/18,1567,1179,388,322,66,,288,890,1
1/3/18,3224,2332,892,825,57,10,671,1604,57
1/4/18,1605,665,940,906,34,,67,565,33
1/5/18,1761,1007,754,688,59,7,203,790,14
1/6/18,544,0,544,544,,,,,
1/7/18,303,0,303,303,,,,,
1/8/18,2345,1713,632,479,152,1,1102,518,93
1/9/18,1828,1135,693,613,67,13,654,337,144
1/10/18,1514,591,923,579,340,4,338,205,48
1/11/18,829,326,503,451,52,,223,79,24
1/12/18,600,1,599,428,,171,1,,
1/13/18,259,0,259,259,,,,,
1/14/18,320,0,320,320,,,,,
1/15/18,854,455,399,374,3,22,1,409,45
1/16/18,1796,976,820,675,48,97,365,611,
1/17/18,2096,1111,985,652,195,138,550,433,128
1/18/18,1419,869,550,485,63,2,393,377,99
1/19/18,2366,1796,570,527,43,,726,1013,57
1/20/18,1088,581,507,507,,,581,,
1/21/18,459,0,459,459,,,,,
1/22/18,1981,1068,913,489,376,48,258,794,16
1/23/18,1888,1162,726,667,57,2,464,524,174
1/24/18,1830,1087,743,664,75,4,497,502,88
1/25/18,1688,1010,678,499,128,51,358,536,116
1/26/18,1558,1029,529,470,26,33,359,552,118
1/27/18,503,0,503,503,,,,,
1/28/18,282,0,282,282,,,,,
1/29/18,1498,908,590,466,95,29,432,425,51
1/30/18,1693,840,853,516,132,205,302,377,161
1/31/18,2012,1251,761,568,193,,289,763,199
2/1/18,1556,947,609,555,45,9,550,328,69
2/2/18,1721,1052,669,504,25,140,272,780,
2/3/18,425,0,425,425,,,,,
2/4/18,382,0,382,382,,,,,
2/5/18,1456,946,510,426,49,35,371,557,18
2/6/18,1740,893,847,624,149,74,306,448,139
2/7/18,1831,1182,649,624,25,,482,620,80
2/8/18,1679,1021,658,519,126,13,299,629,93
2/9/18,1546,861,685,622,39,24,176,628,57
2/10/18,571,0,571,571,,,,,
2/11/18,413,0,413,399,14,,,,
2/12/18,1443,942,501,341,160,,485,403,54
2/13/18,1769,1181,588,566,,22,153,915,113
2/14/18,1623,811,812,599,195,18,206,493,112
2/15/18,2288,1145,1143,776,367,,378,525,242
2/16/18,1616,984,632,543,89,,310,637,37
2/17/18,1082,646,436,436,,,,646,
2/18/18,511,0,511,492,19,,,,
2/19/18,1460,934,526,416,109,1,292,634,8
2/20/18,1952,1098,854,710,138,6,429,515,154
2/21/18,1665,1023,642,480,162,,432,501,90
2/22/18,1796,1260,536,373,139,24,526,729,5
2/23/18,1828,874,954,907,47,,28,764,82
2/24/18,1070,597,473,473,,,,597,
2/25/18,329,0,329,329,,,,,
2/26/18,1826,1284,542,442,88,12,790,448,46
2/27/18,1735,1002,733,594,139,,292,559,151
2/28/18,1541,820,721,529,179,13,343,448,29
3/1/18,1616,1329,287,268,19,,297,945,87
3/2/18,3038,1978,1060,737,167,156,295,1582,101
3/3/18,1392,555,837,837,,,,555,
3/4/18,503,0,503,486,17,,,,
3/5/18,1594,907,687,272,349,66,265,485,157
3/6/18,1793,1137,656,450,202,4,464,564,109
3/7/18,1920,1081,839,708,130,1,180,610,291
3/8/18,1401,947,454,411,43,,264,563,120
3/9/18,1145,762,383,381,2,,257,393,112
3/10/18,1298,762,536,536,,,,762,
3/11/18,461,0,461,461,,,,,
3/12/18,1646,1097,549,370,115,64,462,540,95
3/13/18,2141,1553,588,479,96,13,762,619,172
3/14/18,2512,1642,870,732,100,38,473,1083,86
3/15/18,2937,1859,1078,856,222,,774,1085,
3/16/18,2489,1450,1039,855,181,3,339,968,143
3/17/18,1314,609,705,705,,,,609,
3/18/18,463,0,463,463,,,,,
3/19/18,2065,1396,669,485,145,39,393,984,19
3/20/18,3087,2029,1058,761,258,39,832,1012,185
3/21/18,2320,1282,1038,892,120,26,377,844,61
3/22/18,2222,1245,977,760,130,87,148,1052,45
3/23/18,1751,922,829,645,137,47,335,538,49
3/24/18,916,661,255,255,,,,651,10
3/25/18,14,0,14,14,,,,,
3/26/18,3269,1617,1652,1451,179,22,615,847,155
3/27/18,2411,1423,988,735,233,20,462,786,175
3/28/18,1807,1116,691,439,233,19,2,1079,35
3/29/18,2693,2178,515,410,105,,1287,891,
3/30/18,719,6,713,592,83,38,6,,
3/31/18,850,130,720,720,,,,130,
4/1/18,317,0,317,317,,,,,
4/2/18,1546,810,736,285,407,44,118,566,126
4/3/18,2233,1453,780,592,147,41,768,585,100
4/4/18,2295,1241,1054,794,242,18,497,571,173
4/5/18,2513,1360,1153,821,248,84,559,653,148
4/6/18,1586,971,615,516,99,,447,414,110
4/7/18,1874,1183,691,691,,,199,845,139
4/8/18,462,0,462,462,,,,,
4/9/18,2208,1348,860,533,159,168,695,499,154
4/10/18,2528,1736,792,724,66,2,902,703,131
4/11/18,3010,1587,1423,695,669,59,871,581,135
4/12/18,2426,1189,1237,1002,211,24,513,563,113
4/13/18,2266,1214,1052,978,69,5,364,760,90
4/14/18,1680,833,847,847,,,,639,194
4/15/18,743,0,743,743,,,,,
4/16/18,1711,948,763,595,168,,354,556,38
4/17/18,2375,1319,1056,762,272,22,685,522,112
4/18/18,2030,1155,875,697,178,,441,586,128
4/19/18,2014,1058,956,700,212,44,369,547,142
4/20/18,2739,1915,824,627,187,10,468,1330,117
4/21/18,1076,695,381,381,,,695,,
4/22/18,355,0,355,355,,,,,
4/23/18,1909,1320,589,513,66,10,483,726,111
4/24/18,2077,1179,898,630,253,15,408,693,78
4/25/18,3124,1964,1160,1029,104,27,569,1237,158
4/26/18,3044,1538,1506,1418,78,10,450,977,111
4/27/18,2797,1605,1192,1019,111,62,776,672,157
4/28/18,1308,888,420,420,,,888,,
4/29/18,251,0,251,251,,,,,
4/30/18,1213,704,509,363,94,52,106,476,122
5/1/18,2976,2246,730,542,146,42,1404,722,120
5/2/18,2093,1084,1009,692,116,201,531,374,179
5/3/18,1748,908,840,551,283,6,521,339,48
5/4/18,1416,847,569,498,64,7,183,535,129
5/5/18,334,0,334,334,,,,,
5/6/18,290,0,290,290,,,,,
5/7/18,4016,883,3133,2854,186,93,214,610,59
5/8/18,2097,745,1352,1002,317,33,137,494,114
5/9/18,3501,2402,1099,969,116,14,1762,503,137
5/10/18,3603,2336,1267,913,294,60,1469,739,128
5/11/18,3217,1489,1728,1434,217,77,830,578,81
5/12/18,1863,967,896,876,20,,532,435,
5/13/18,685,0,685,685,,,,,
5/14/18,2281,1248,1033,657,263,113,540,642,66
5/15/18,3346,1708,1638,1351,246,41,1041,510,157
5/16/18,3264,1536,1728,1404,311,13,1006,402,128
5/17/18,3025,1745,1280,994,207,79,1012,612,121
5/18/18,2622,1601,1021,864,155,2,601,899,101
5/19/18,1640,822,818,790,28,,501,321,
5/20/18,575,0,575,574,1,,,,
5/21/18,3189,2249,940,784,103,53,1628,513,108
5/22/18,3233,1999,1234,783,297,154,1387,529,83
5/23/18,3039,2076,963,820,130,13,1168,696,212
5/24/18,2655,1552,1103,838,246,19,951,507,94
5/25/18,3029,1520,1509,1450,53,6,680,729,111
5/26/18,3187,1863,1324,1324,,,1319,544,
5/27/18,963,0,963,963,,,,,
5/28/18,788,0,788,788,,,,,
5/29/18,2936,1733,1203,983,219,1,903,636,194
5/30/18,2763,1435,1328,1112,211,5,974,289,172
5/31/18,3316,2077,1239,1142,88,9,577,1354,146
6/1/18,2704,1669,1035,824,123,88,515,1055,99
6/2/18,2455,1497,958,958,,,578,919,
6/3/18,716,0,716,716,,,,,
6/4/18,2272,1409,863,710,89,64,888,394,127
6/5/18,2717,1678,1039,873,120,46,963,613,102
6/6/18,2404,1324,1080,955,125,,417,731,176
6/7/18,2632,1633,999,928,71,,839,712,82
6/8/18,1683,817,866,690,127,49,303,389,125
6/9/18,2079,1313,766,766,,,495,817,1
6/10/18,739,0,739,739,,,,,
6/11/18,2632,1934,698,564,126,8,779,1043,112
6/12/18,3015,1477,1538,1208,316,14,785,556,136
6/13/18,2505,1175,1330,1105,220,5,368,668,139
6/14/18,2703,1584,1119,917,196,6,574,919,91
6/15/18,2426,1288,1138,915,212,11,468,760,60
6/16/18,2710,1815,895,889,6,,939,876,
6/17/18,802,0,802,802,,,,,
6/18/18,2282,1410,872,641,222,9,675,660,75
6/19/18,2812,1707,1105,978,124,3,679,980,48
6/20/18,2910,1737,1173,891,280,2,693,942,102
6/21/18,2900,1833,1067,993,72,2,628,1102,103
6/22/18,2287,1170,1117,1056,60,1,377,619,174
6/23/18,2656,1935,721,721,,,949,986,
6/24/18,592,0,592,592,,,,,
6/25/18,1938,1146,792,564,228,,152,994,
6/26/18,2605,1765,840,781,58,1,676,912,177
6/27/18,2106,1221,885,745,131,9,434,701,86
6/28/18,1418,485,933,802,131,,138,347,
6/29/18,2345,1616,729,705,10,14,13,1400,203
6/30/18,1674,552,1122,1122,,,,552,
7/1/18,857,0,857,857,,,,,
7/2/18,1354,592,762,613,149,,141,451,
7/3/18,1428,713,715,671,44,,188,503,22
7/4/18,830,0,830,830,,,,,
7/5/18,879,446,433,360,73,,8,426,12
7/6/18,2078,1347,731,681,49,1,533,796,18
7/7/18,1101,613,488,488,,,,594,19
7/8/18,481,0,481,481,,,,,
7/9/18,565,52,513,322,186,5,45,7,
7/10/18,1426,905,521,381,140,,385,212,308
7/11/18,2479,1889,590,560,30,,1108,612,169
7/12/18,2150,1402,748,547,201,,675,598,129
7/13/18,2360,1604,756,755,1,,629,894,81
7/14/18,460,0,460,460,,,,,
7/15/18,300,0,300,300,,,,,
7/16/18,2012,1216,796,638,130,28,437,755,24
7/17/18,1845,1076,769,681,88,,246,627,203
7/18/18,2070,1293,777,663,84,30,536,607,150
7/19/18,1961,1328,633,588,45,,413,894,21
7/20/18,2562,1810,752,667,74,11,784,887,139
7/21/18,683,0,683,683,,,,,
7/22/18,379,0,379,379,,,,,
7/23/18,2017,1415,602,420,166,16,404,962,49
7/24/18,2873,1909,964,670,287,7,823,951,135
7/25/18,2401,1336,1065,836,228,1,309,934,93
7/26/18,2053,1097,956,835,121,,375,721,1
7/27/18,2491,1705,786,708,78,,596,1041,68
7/28/18,518,0,518,518,,,,,
7/29/18,287,0,287,287,,,,,
7/30/18,1344,879,465,368,71,26,315,464,100
7/31/18,2185,1441,744,434,307,3,256,1015,170
8/1/18,2489,1622,867,742,125,,438,1069,115
8/2/18,2630,1645,985,737,229,19,478,1024,143
8/3/18,2429,1386,1043,934,55,54,356,912,118
8/4/18,2709,1741,968,968,,,1,1740,
8/5/18,942,0,942,942,,,,,
8/6/18,1572,1054,518,415,64,39,281,605,168
8/7/18,2103,1458,645,552,64,29,287,1078,93
8/8/18,1804,1104,700,504,196,,234,695,175
8/9/18,2359,1696,663,585,66,12,435,1237,24
8/10/18,2155,1355,800,743,57,,324,861,170
8/11/18,520,0,520,520,,,,,
8/12/18,398,0,398,398,,,,,
8/13/18,1838,1134,704,470,232,2,316,702,116
8/14/18,1646,1003,643,565,65,13,303,629,71
8/15/18,2512,1666,846,461,349,36,252,1194,220
8/16/18,1894,1116,778,605,131,42,268,806,42
8/17/18,1956,1596,360,355,4,1,377,1073,146
8/18/18,1263,669,594,575,19,,,669,
8/19/18,235,0,235,235,,,,,
8/20/18,2730,2248,482,363,98,21,284,1954,10
8/21/18,2048,924,1124,889,202,33,200,641,83
8/22/18,1765,1010,755,521,177,57,335,522,153
8/23/18,2178,1611,567,442,124,1,351,1149,111
8/24/18,1727,1229,498,341,147,10,277,878,74
8/25/18,799,364,435,435,,,364,,
8/26/18,239,0,239,239,,,,,
8/27/18,1843,1428,415,264,136,15,194,1110,124
8/28/18,1971,1136,835,570,159,106,344,700,92
8/29/18,2234,1355,879,506,327,46,368,814,173
8/30/18,1673,972,701,414,287,,310,552,110
8/31/18,1377,816,561,458,103,,291,438,87
9/1/18,1040,618,422,420,2,,,521,97
9/2/18,328,0,328,328,,,,,
9/3/18,270,2,268,246,22,,2,,
9/4/18,2249,1637,612,308,265,39,580,1017,40
9/5/18,2406,1432,974,764,204,6,435,883,114
9/6/18,2481,1325,1156,1052,103,1,380,887,58
9/7/18,2858,1395,1463,960,503,,220,1072,103
9/8/18,1975,1228,747,747,,,208,1019,1
9/9/18,451,0,451,451,,,,,
9/10/18,1889,1367,522,358,164,,432,780,155
9/11/18,2588,1724,864,520,318,26,518,1030,176
9/12/18,3387,2479,908,790,118,,394,1908,177
9/13/18,2480,1381,1099,743,355,1,277,1104,
9/14/18,2633,1864,769,671,26,72,371,1433,60
9/15/18,1498,707,791,768,23,,,707,
9/16/18,480,0,480,480,,,,,
9/17/18,2315,1709,606,338,266,2,575,1083,51
9/18/18,2063,1093,970,708,259,3,474,539,80
9/19/18,2885,1866,1019,500,516,3,614,1007,245
9/20/18,2339,1553,786,604,181,1,459,911,183
9/21/18,1989,1715,274,160,113,1,430,1026,259
9/22/18,414,400,14,14,,,,400,
9/23/18,15,0,15,15,,,,,
9/24/18,2289,1148,1141,1074,59,8,344,718,86
9/25/18,2401,1201,1200,1088,112,,464,657,80
9/26/18,2032,1427,605,495,110,,344,1083,
9/27/18,2521,1838,683,510,171,2,604,959,275
9/28/18,3212,2330,882,676,167,39,428,1866,36
9/29/18,777,0,777,777,,,,,
9/30/18,279,0,279,279,,,,,
10/1/18,2087,1370,717,397,320,,349,767,254
10/2/18,1807,1318,489,410,78,1,318,753,247
10/3/18,2497,1848,649,449,200,,453,1185,210
10/4/18,2302,1706,596,465,98,33,382,1186,138
10/5/18,2290,1457,833,754,79,,427,893,137
10/6/18,301,90,211,211,,,90,,
10/7/18,401,0,401,391,10,,,,
10/8/18,1172,1080,92,92,,,481,514,85
10/9/18,1776,822,954,436,337,181,177,570,75
10/10/18,2466,1569,897,664,224,9,452,1029,88
10/11/18,2313,1271,1042,795,239,8,274,878,119
10/12/18,1976,1280,696,465,231,,282,914,84
10/13/18,490,0,490,490,,,,,
10/14/18,226,0,226,226,,,,,
10/15/18,2152,1692,460,309,151,,978,613,101
10/16/18,2669,1978,691,530,161,,676,1108,194
10/17/18,2353,1569,784,634,149,1,625,766,178
10/18/18,1884,1111,773,547,217,9,416,659,36
10/19/18,2450,1661,789,508,212,69,719,769,173
10/20/18,290,0,290,290,,,,,
10/21/18,246,0,246,246,,,,,
10/22/18,1721,1062,659,371,287,1,478,522,62
10/23/18,1901,1190,711,553,158,,385,482,323
10/24/18,2061,1461,600,429,169,2,452,680,329
10/25/18,2325,1451,874,492,348,34,417,872,162
10/26/18,2260,1659,601,408,193,,464,770,425
10/27/18,406,0,406,406,,,,,
10/28/18,274,0,274,274,,,,,
10/29/18,2173,1647,526,313,149,64,581,915,151
10/30/18,1974,1228,746,428,289,29,335,566,327
10/31/18,1764,1149,615,456,158,1,394,541,214
11/1/18,2130,1625,505,416,75,14,521,930,174
11/2/18,2571,1865,706,512,165,29,426,1316,123
11/3/18,546,0,546,546,,,,,
11/4/18,419,85,334,321,13,,,85,
11/5/18,1606,1049,557,370,178,9,390,458,201
11/6/18,1847,1190,657,499,158,,213,830,147
11/7/18,1560,881,679,447,195,37,255,535,91
11/8/18,1575,1063,512,448,39,25,476,515,72
11/9/18,1869,1253,616,363,150,103,681,394,178
11/10/18,362,0,362,362,,,,,
11/11/18,463,88,375,375,,,,88,
11/12/18,4613,1287,3326,3214,112,,779,366,142
11/13/18,1759,736,1023,821,111,91,240,389,107
11/14/18,1672,866,806,754,50,2,336,283,247
11/15/18,1836,1048,788,560,115,113,449,456,143
11/16/18,1899,966,933,521,352,60,382,449,135
11/17/18,414,0,414,414,,,,,
11/18/18,518,0,518,518,,,,,
11/19/18,3695,1392,2303,1514,509,280,421,942,29
11/20/18,3599,2287,1312,1151,82,79,876,1240,171
11/21/18,2863,1856,1007,919,88,,485,1338,33
11/22/18,1734,874,860,860,,,5,869,
11/23/18,3718,2397,1321,1255,33,33,837,1509,51
11/24/18,1479,290,1189,1189,,,,290,
11/25/18,1803,845,958,958,,,,845,
11/26/18,3386,1974,1412,1171,221,20,445,1399,130
11/27/18,2896,1463,1433,1119,306,8,553,832,78
11/28/18,3512,1876,1636,1290,174,172,1116,725,35
11/29/18,3153,1848,1305,1145,160,,448,1318,82
11/30/18,3744,2618,1126,911,131,84,1153,1375,90
12/1/18,3832,2947,885,885,,,2042,778,127
12/2/18,1550,635,915,915,,,,635,
12/3/18,2401,1386,1015,791,142,82,807,499,80
12/4/18,3116,1932,1184,999,128,57,504,1399,29
12/5/18,2770,1701,1069,958,105,6,571,1060,70
12/6/18,3729,2390,1339,1055,240,44,1422,919,49
12/7/18,3614,2601,1013,859,154,,1590,962,49
12/8/18,1502,561,941,941,,,561,,
12/9/18,1154,314,840,840,,,9,305,
12/10/18,3112,2005,1107,920,174,13,1043,957,5
12/11/18,2581,1406,1175,1066,76,33,728,550,128
12/12/18,3248,2104,1144,911,224,9,825,1137,142
12/13/18,2745,1449,1296,902,383,11,389,1020,40
12/14/18,3191,1791,1400,968,431,1,372,1371,48
12/15/18,849,0,849,849,,,,,
12/16/18,2424,1660,764,762,2,,1660,,
12/17/18,2709,1871,838,719,64,55,878,920,73
12/18/18,3243,1967,1276,1078,142,56,968,891,108
12/19/18,3574,2307,1267,1182,82,3,806,1394,107
12/20/18,4053,2775,1278,1069,3,206,1164,1485,126
12/21/18,3331,2251,1080,1039,40,1,1129,1065,57
12/22/18,2071,891,1180,1128,52,,891,,
12/23/18,964,422,542,542,,,88,334,
12/24/18,1391,958,433,313,120,,586,372,
12/25/18,828,0,828,828,,,,,
12/26/18,2705,1563,1142,1075,42,25,453,1011,99
12/27/18,2774,1718,1056,1016,34,6,714,900,104
12/28/18,2892,1982,910,860,37,13,757,1087,138
12/29/18,989,9,980,980,,,9,,
12/30/18,687,1,686,686,,,1,,
12/31/18,1695,1090,605,565,40,,636,454,
1/1/19,467,0,467,467,,,,,
1/2/19,3319,2258,1061,703,113,245,1133,1024,101
1/3/19,2215,1587,628,594,33,1,468,936,183
1/4/19,3064,1987,1077,793,130,154,401,1211,375
1/5/19,587,2,585,585,,,2,,
1/6/19,580,0,580,580,,,,,
1/7/19,3079,2062,1017,697,267,53,658,1348,56
1/8/19,3025,1547,1478,1264,204,10,460,1053,34
1/9/19,3911,2113,1798,1432,357,9,675,1321,117
1/10/19,3030,1648,1382,1109,160,113,606,958,84
1/11/19,3127,1875,1252,1109,143,,604,1218,53
1/12/19,976,31,945,893,52,,31,,
1/13/19,1200,278,922,922,,,55,223,
1/14/19,2276,1341,935,675,235,25,222,1064,55
1/15/19,3733,2515,1218,794,336,88,1295,1083,137
1/16/19,3239,1815,1424,969,372,83,576,1080,159
1/17/19,2764,1593,1171,1029,137,5,446,1058,89
1/18/19,3136,2024,1112,1071,37,4,632,1046,346
1/19/19,973,103,870,870,,,103,,
1/20/19,986,0,986,986,,,,,
1/21/19,1450,799,651,587,64,,193,574,32
1/22/19,2076,1350,726,492,125,109,346,908,96
1/23/19,2025,1028,997,703,276,18,349,597,82
1/24/19,3121,1709,1412,932,465,15,665,809,235
1/25/19,1964,1507,457,404,50,3,205,1149,153
1/26/19,295,238,57,57,,,238,,
1/27/19,1166,0,1166,1143,23,,,,
1/28/19,1589,789,800,670,124,6,44,540,205
1/29/19,3063,1886,1177,695,326,156,871,1003,12
1/30/19,2255,1642,613,462,151,,15,1523,104
1/31/19,2508,1735,773,601,140,32,35,1631,69
2/1/19,3266,2550,716,484,232,,549,1973,28
2/2/19,562,181,381,381,,,181,,
2/3/19,713,122,591,591,,,122,,
2/4/19,3461,2292,1169,856,313,,261,1937,94
2/5/19,3268,2418,850,564,286,,572,1738,108
2/6/19,3557,2526,1031,741,280,10,497,1854,175
2/7/19,4239,3332,907,599,291,17,880,2316,136
2/8/19,3756,2729,1027,799,204,24,426,2198,105
2/9/19,904,0,904,904,,,,,
2/10/19,535,0,535,535,,,,,
2/11/19,3816,2841,975,464,283,228,430,2376,35
2/12/19,2746,1703,1043,639,255,149,551,1140,12
2/13/19,2726,1288,1438,1146,215,77,212,1010,66
2/14/19,1619,920,699,527,145,27,316,470,134
2/15/19,2214,1623,591,402,189,,629,960,34
2/16/19,576,23,553,553,,,23,,
2/17/19,1719,1306,413,413,,,78,1204,24
2/18/19,2079,1138,941,724,173,44,168,938,32
2/19/19,2064,1379,685,544,126,15,159,1198,22
2/20/19,2551,1599,952,680,221,51,160,1306,133
2/21/19,3376,1371,2005,1831,168,6,284,982,105
2/22/19,2821,1297,1524,1439,51,34,160,1064,73
2/23/19,822,114,708,708,,,114,,
2/24/19,1878,682,1196,1196,,,80,562,40
2/25/19,2739,2044,695,485,183,27,366,1636,42
2/26/19,2510,1756,754,442,286,26,321,1393,42
2/27/19,2161,1461,700,449,250,1,724,735,2
2/28/19,2379,1087,1292,1163,111,18,422,633,32
3/1/19,2397,1546,851,505,344,2,469,1027,50
3/2/19,576,53,523,523,,,53,,
3/3/19,1169,679,490,485,5,,144,531,4
3/4/19,3320,2725,595,422,155,18,1607,1084,34
3/5/19,2406,1735,671,543,117,11,166,1422,147
3/6/19,2235,1292,943,766,155,22,252,1040,
3/7/19,2512,1535,977,848,70,59,143,1274,118
3/8/19,2632,1860,772,752,17,3,219,1512,129
3/9/19,625,48,577,577,,,48,,
3/10/19,901,496,405,405,,,129,363,4
3/11/19,2503,1441,1062,873,187,2,351,1035,55
3/12/19,2567,1819,748,512,222,14,798,970,51
3/13/19,2464,1616,848,712,136,,416,1125,75
3/14/19,2154,1318,836,721,115,,487,629,202
3/15/19,2069,1248,821,704,114,3,576,529,143
3/16/19,603,0,603,572,31,,,,
3/17/19,901,591,310,310,,,303,276,12
3/18/19,2778,1915,863,540,143,180,1110,799,6
3/19/19,2412,1798,614,440,171,3,992,452,354
3/20/19,1651,854,797,647,137,13,332,404,118
3/21/19,2134,1440,694,527,138,29,521,838,81
3/22/19,2058,1403,655,602,43,10,613,778,12
3/23/19,1209,857,352,352,,,116,690,51
3/24/19,1125,631,494,486,8,,231,396,4
3/25/19,1668,1184,484,382,102,,423,714,47
3/26/19,1990,1308,682,446,221,15,627,629,52
3/27/19,2352,1233,1119,967,152,,344,833,56
3/28/19,2505,1703,802,634,155,13,370,1033,300
3/29/19,2240,1307,933,708,225,,367,827,113
3/30/19,648,1,647,647,,,1,,
3/31/19,1159,833,326,326,,,100,709,24
4/1/19,2881,2263,618,508,110,,438,1635,190
4/2/19,2836,1966,870,716,154,,578,989,399
4/3/19,3172,1940,1232,1044,132,56,586,1089,265
4/4/19,3169,2130,1039,794,245,,518,1479,133
4/5/19,3476,2430,1046,848,153,45,391,1967,72
4/6/19,875,2,873,866,7,,2,,
4/7/19,433,4,429,396,33,,4,,
4/8/19,3653,2726,927,753,59,115,923,1714,89
4/9/19,3246,1900,1346,1290,56,,300,1586,14
4/10/19,3059,1834,1225,1023,202,,303,1435,96
4/11/19,2984,1956,1028,752,270,6,537,1330,89
4/12/19,2898,1425,1473,996,326,151,218,1201,6
4/13/19,953,70,883,883,,,70,,
4/14/19,902,11,891,881,10,,11,,
4/15/19,2965,2232,733,555,178,,467,1733,32
4/16/19,4330,3670,660,545,93,22,2041,1606,23
4/17/19,3311,2107,1204,1015,189,,458,1623,26
4/18/19,3627,2240,1387,1213,120,54,495,1487,258
4/19/19,3089,2119,970,789,157,24,1055,855,209
4/20/19,1108,95,1013,1011,2,,22,59,14
4/21/19,573,2,571,571,,,2,,
4/22/19,2177,1498,679,585,90,4,493,820,185
4/23/19,2523,1627,896,661,232,3,667,845,115
4/24/19,3097,1502,1595,1310,267,18,991,353,158
4/25/19,2955,1985,970,766,204,,884,1014,87
4/26/19,1863,1201,662,607,55,,601,570,30
4/27/19,565,1,564,564,,,1,,
4/28/19,491,3,488,488,,,3,,
4/29/19,6603,1683,4920,4883,30,7,721,776,186
4/30/19,3865,1758,2107,1806,141,160,827,676,255
5/1/19,3406,1917,1489,1255,129,105,895,950,72
5/2/19,3005,1592,1413,1091,248,74,742,588,262
5/3/19,3126,1811,1315,1293,22,,683,1000,128
5/4/19,1664,150,1514,1514,,,147,2,1
5/5/19,1030,0,1030,1030,,,,,
5/6/19,2574,1772,802,728,69,5,1002,739,31
5/7/19,3321,2382,939,832,106,1,1040,1190,152
5/8/19,3795,2623,1172,1035,137,,1509,1069,45
5/9/19,3289,1963,1326,1084,35,207,1054,851,58
5/10/19,3765,2525,1240,875,27,338,1490,956,79
5/11/19,1289,515,774,774,,,515,,
5/12/19,433,16,417,417,,,16,,
5/13/19,3014,1998,1016,752,161,103,943,1043,12
5/14/19,4095,2822,1273,1173,99,1,1914,895,13
5/15/19,4299,3349,950,784,121,45,2315,1027,7
5/16/19,5200,3712,1488,939,7,542,2801,904,7
5/17/19,5546,2446,3100,2752,186,162,1965,470,11
5/18/19,2668,59,2609,2609,,,59,,
5/19/19,2004,15,1989,1989,,,15,,
5/20/19,4433,2494,1939,1550,389,,1464,976,54
5/21/19,3950,2419,1531,1363,162,6,1832,454,133
5/22/19,5546,2961,2585,2413,95,77,1639,1253,69
5/23/19,5848,4113,1735,1612,104,19,2441,1524,148
5/24/19,4344,2694,1650,1523,115,12,1256,1353,85
5/25/19,1366,132,1234,1234,,,132,,
5/26/19,1289,1,1288,1288,,,1,,
5/27/19,1137,1,1136,1136,,,1,,
5/28/19,4065,2840,1225,1079,92,54,1329,1460,51
5/29/19,4979,3809,1170,1073,97,,2101,1640,68
5/30/19,4666,3431,1235,1147,43,45,1884,1445,102
5/31/19,4336,2635,1701,1455,246,,1521,926,188
6/1/19,1475,98,1377,1377,,,98,,
6/2/19,1306,101,1205,1205,,,101,,
6/3/19,4421,2217,2204,2150,54,,839,1313,65
6/4/19,5728,3973,1755,1685,69,1,2369,1459,145
6/5/19,4804,2907,1897,1756,141,,1968,861,78
6/6/19,4199,2359,1840,1744,81,15,1369,924,66
6/7/19,3644,1985,1659,1574,71,14,1344,558,83
6/8/19,1404,242,1162,1162,,,242,,
6/9/19,1512,2,1510,1510,,,2,,
6/10/19,3649,2496,1153,1090,63,,1198,1171,127
6/11/19,4324,2836,1488,1316,171,1,1513,1182,141
6/12/19,4095,2574,1521,1296,185,40,1449,1054,71
6/13/19,5158,3634,1524,1447,77,,2576,977,81
6/14/19,5719,4093,1626,1480,146,,3012,1024,57
6/15/19,2128,871,1257,1257,,,871,,
6/16/19,1317,75,1242,1242,,,75,,
6/17/19,4470,3343,1127,1021,106,,1614,1727,2
6/18/19,6034,3171,2863,2733,123,7,1441,1698,32
6/19/19,5226,2804,2422,2222,190,10,1929,837,38
6/20/19,2555,450,2105,1999,106,,450,,
6/21/19,2144,83,2061,1998,63,,82,1,
6/22/19,1500,0,1500,1500,,,,,
6/23/19,1293,0,1293,1293,,,,,
6/24/19,1675,0,1675,1575,62,38,,,
6/25/19,1550,15,1535,1479,56,,3,12,
6/26/19,2970,1661,1309,1276,9,24,715,906,40
6/27/19,2475,1383,1092,1055,37,,1327,45,11
6/28/19,1533,214,1319,1118,112,89,214,,
6/29/19,1416,129,1287,1287,,,129,,
6/30/19,1305,0,1305,1305,,,,,
7/1/19,3169,2218,951,921,30,,625,1427,166
7/2/19,4986,3961,1025,933,89,3,2842,1109,10
7/3/19,4989,3774,1215,1113,89,13,2430,1329,15
7/4/19,3892,2505,1387,1387,,,1692,778,35
7/5/19,3642,2132,1510,1510,,,1080,1034,18
7/6/19,1832,656,1176,1176,,,655,,1
7/7/19,2014,909,1105,1105,,,299,502,108
7/8/19,992,388,604,510,94,,,349,39